Covariants	Count	Coverage_start	Coverage_end	Max_count	Freq
G22813T(S:K417N) T22882G(S:N440K) T22917G(S:L452R)	57	22793	22970	758	0.07519788918205805
G22813T(S:K417N) C22851T(S:T430I) T22882G(S:N440K) A22893G(S:K444R) T22917G(S:L452R)	23	22793	22969	758	0.030343007915567283
G22813T T22882G(S:N440K) A22893C(S:K444T) T22917G(S:L452R)	20	22793	22969	758	0.026385224274406333
T22882G(S:N440K) T22917G(S:L452R)	20	22793	22992	945	0.021164021164021163
G22813T(S:K417N) T22882G(S:N440K)	19	22793	22969	814	0.02334152334152334
T22882G(S:N440K)	17	22793	22990	1002	0.016966067864271458
T22942A(S:N460K)	17	22893	22968	999	0.01701701701701702
(22950,1)(S:DEL464)	16	22876	22973	992	0.016129032258064516
G22813T(S:K417N) C22858T(S:C432C) T22882G(S:N440K) A22893C(S:K444T) T22917G(S:L452R)	11	22793	22968	758	0.014511873350923483
G22813T(S:K417N) C22858T(S:C432C) T22882G(S:N440K) A22893C(S:K444T) T22917G T22942A(S:N460K)	10	22793	22968	700	0.014285714285714285
G22813T(S:K417N) T22882G(S:N440K) T22917G(S:L452R) (22950,1)(S:DEL464)	10	22793	22967	682	0.01466275659824047
T22917G(S:L452R)	10	22793	22971	1015	0.009852216748768473
