Covariants	Count	Coverage_start	Coverage_end	Max_count	Freq
G22813T(S:K417N) T22882G(S:N440K) T22917G(S:L452R)	361	22793	22970	1318	0.2738998482549317
G22813T(S:K417N) T22882G(S:N440K)	46	22793	22970	1342	0.03427719821162444
A23013C(S:E484A) T23018G(S:F486V) A23055G(S:Q498R) A23063T(S:N501Y) T23075C(S:Y505H)	44	23008	23228	194	0.2268041237113402
G22813T(S:K417N) T22882G(S:N440K) T22917G(S:L452R) (22950,'T')(S:INS464)	31	22793	22968	1263	0.02454473475851148
G22813T(S:K417N) T22882G(S:N440K) A22910G(S:N450D) T22917G(S:L452R)	29	22793	22968	1318	0.022003034901365705
T22882G(S:N440K) T22917G(S:L452R)	29	22793	22982	1445	0.020069204152249134
G22578A(S:G339D) C22674T(S:S371F) T22679C(S:S373P)	27	22494	22686	106	0.25471698113207547
C22802T(S:Q414*) G22813T(S:K417N) T22882G(S:N440K) T22917G(S:L452R)	21	22793	22967	1288	0.016304347826086956
(22802,'A')(S:INS415) G22813T(S:K417N) T22882G(S:N440K) T22917G(S:L452R)	19	22793	22969	1288	0.014751552795031056
G22578A(S:G339D)	19	22368	22684	206	0.09223300970873786
G22813T(S:K417N) T22882G(S:N440K) A22893T(S:K444M) T22917G(S:L452R) T22942G(S:N460K)	18	22793	22967	1287	0.013986013986013986
G22813T(S:K417N) T22917G(S:L452R)	18	22793	22968	1318	0.013657056145675266
G22813T(S:K417N) T22882G(S:N440K) T22917G(S:L452R) (22927,1)(S:DEL456)	16	22793	22967	1310	0.012213740458015267
G22813T(S:K417N) T22882G(S:N440K) T22917G(S:L452R) A22931G(S:R457G)	13	22793	22967	1309	0.009931245225362872
T22882G(S:N440K)	13	22793	22970	1469	0.008849557522123894
G22813T(S:K417N) T22882G(S:N440K) T22917G(S:L452R) (22950,1)(S:DEL464)	13	22793	22967	1262	0.010301109350237718
G22813T(S:K417N)	12	22793	22970	1359	0.008830022075055188
T22917G(S:L452R)	12	22793	22969	1482	0.008097165991902834
G22813T(S:K417N) T22882G(S:N440K) T22917G(S:L452R) (22945,1)(S:DEL462)	11	22793	22966	1277	0.008613938919342208
T22882G(S:N440K) T22917G(S:L452R) G22992A(S:S477N) C22995A(S:T478K) A23013C(S:E484A) T23018G(S:F486V)	11	22876	23049	28	0.39285714285714285
G22813T(S:K417N) (22831,'A')(S:INS424) T22882G(S:N440K) T22917G(S:L452R)	10	22793	22968	1318	0.007587253414264037
G22813T(S:K417N) T22882G(S:N440K) (22914,1)(S:DEL452)	10	22793	22967	1318	0.007587253414264037
