Covariants	Count	Coverage_start	Coverage_end	Max_count	Freq
G22813T(S:K417N) T22882G(S:N440K) T22917G(S:L452R)	148	22793	22970	973	0.15210688591983557
G22813T(S:K417N) T22882G(S:N440K) A22893C(S:K444T) T22917G(S:L452R)	47	22793	22969	973	0.048304213771839674
A23013C(S:E484A) T23018G(S:F486V) A23055G(S:Q498R) A23063T(S:N501Y) T23075C(S:Y505H)	39	23008	23227	142	0.2746478873239437
G22813T(S:K417N) T22882G(S:N440K) G22898A(S:G446S) T22942G(S:N460K)	37	22793	22968	939	0.039403620873269436
G22813T(S:K417N) T22882G(S:N440K) A22893C(S:K444T) T22917G(S:L452R) T22942A(S:N460K)	36	22793	22968	939	0.038338658146964855
G22578A(S:G339D)	35	22368	22686	250	0.14
G22813T(S:K417N) T22882G(S:N440K) T22917G(S:L452R) T22942A(S:N460K)	29	22793	22968	939	0.0308839190628328
T22882G(S:N440K) T22917G(S:L452R) G22992A(S:S477N) C22995A(S:T478K) A23013C(S:E484A) T23018G(S:F486V)	26	22876	23048	68	0.38235294117647056
G22813T(S:K417N) T22882G(S:N440K)	22	22793	22970	1009	0.02180376610505451
T22882G(S:N440K) T22917G(S:L452R)	19	22793	22972	1109	0.017132551848512173
G22813T(S:K417N) T22882G(S:N440K) T22942A(S:N460K)	19	22793	22969	939	0.02023429179978701
G22813T(S:K417N) T22882G(S:N440K) T22896C(S:V445A) T22917G(S:L452R)	15	22793	22968	973	0.015416238437821172
G22813T(S:K417N) T22882G(S:N440K) T22917G(S:L452R) (22927,1)(S:DEL456)	14	22793	22967	961	0.014568158168574402
T22942A(S:N460K)	12	22903	22968	1144	0.01048951048951049
(23143,1)(S:DEL528)	12	23089	23290	630	0.01904761904761905
(23143,1)(S:DEL528) (23164,1)(S:DEL535)	10	23089	23289	626	0.01597444089456869
