Covariants	Count	Coverage_start	Coverage_end	Max_count	Freq
G22813T(S:K417N) T22882G(S:N440K) T22917G(S:L452R)	104	22793	22970	532	0.19548872180451127
G22813T(S:K417N) T22882G(S:N440K) A22893G(S:K444R) T22917G(S:L452R)	43	22793	22969	532	0.08082706766917293
G22813T(S:K417N) T22882G(S:N440K) T22896C(S:V445A) T22917G(S:L452R)	31	22793	22969	532	0.05827067669172932
G22578A(S:G339D)	25	22368	22583	168	0.1488095238095238
A23013C(S:E484A) T23018G(S:F486V) A23055G(S:Q498R) A23063T(S:N501Y) T23075C(S:Y505H)	17	23008	23225	65	0.26153846153846155
G22813T(S:K417N) T22882G(S:N440K)	14	22793	22971	547	0.025594149908592323
G22578A(S:G339D) C22674T(S:S371F) T22679C(S:S373P)	13	22494	22685	32	0.40625
