Covariants	Count	Coverage_start	Coverage_end	Max_count	Freq
G22813T(S:K417N) T22882G(S:N440K) (22909,1)(S:DEL450) T22917G(S:L452R)	142	22793	22968	1671	0.08497905445840814
G22813T(S:K417N) T22882G(S:N440K) A22893G(S:K444R) G22898A(S:G446S) A22910G(S:N450D) C22916A(S:L452M) (22939,1)(S:DEL460)	128	22793	22969	1628	0.07862407862407862
G22813T(S:K417N) T22882G(S:N440K) T22917G(S:L452R)	95	22793	22970	1671	0.05685218432076601
G22813T(S:K417N) T22882G(S:N440K) A22893C(S:K444T) T22917G(S:L452R)	41	22793	22968	1671	0.024536205864751647
T22882G(S:N440K) (22909,1)(S:DEL450) T22917G(S:L452R)	35	22793	22968	1826	0.019167579408543262
G22813T(S:K417N) T22882G(S:N440K) A22893C(S:K444T) T22917G(S:L452R) T22942A(S:N460K)	35	22793	22968	1620	0.021604938271604937
G22813T(S:K417N) T22882G(S:N440K) T22917G(S:L452R) T22942A(S:N460K)	29	22793	22967	1620	0.017901234567901235
T22882G(S:N440K) T22917G(S:L452R)	25	22793	22969	1826	0.013691128148959474
T22882G(S:N440K) A22893G(S:K444R) G22898A(S:G446S) A22910G(S:N450D) C22916A(S:L452M) (22939,1)(S:DEL460)	21	22793	22968	1783	0.011777902411665733
(22950,1)(S:DEL464)	19	22849	22967	1915	0.009921671018276762
G22813T(S:K417N) T22882G(S:N440K)	18	22793	22970	1733	0.0103866128101558
T22942A(S:N460K)	18	22896	22968	1929	0.00933125972006221
G22813T(S:K417N) T22882G(S:N440K) T22917G(S:L452R) (22950,1)(S:DEL464)	17	22793	22968	1594	0.01066499372647428
G22813T(S:K417N) T22882G(S:N440K) (22909,1)(S:DEL450) T22917G(S:L452R) (22950,1)(S:DEL464)	15	22793	22966	1594	0.009410288582183186
G22813T(S:K417N) (22845,1)(S:DEL429) T22882G(S:N440K) A22893G(S:K444R) G22898A(S:G446S) A22910G(S:N450D) C22916A(S:L452M) (22939,1)(S:DEL460)	13	22793	22966	1628	0.007985257985257985
G22813T(S:K417N) T22882G(S:N440K) T22942A(S:N460K)	12	22793	22968	1620	0.007407407407407408
G22813T(S:K417N) T22882G(S:N440K) (22909,1)(S:DEL450)	10	22793	22969	1687	0.005927682276229994
G22813T(S:K417N) T22882G(S:N440K) T22917G(S:L452R) T22942A(S:N460K) (22950,1)(S:DEL464)	10	22793	22967	1594	0.006273525721455458
G22813T(S:K417N) T22882G(S:N440K) A22893G(S:K444R) G22898A(S:G446S) A22910G(S:N450D) C22916A(S:L452M) (22939,1)(S:DEL460) (22950,1)(S:DEL464)	10	22793	22965	1594	0.006273525721455458
