Covariants	Count	Coverage_start	Coverage_end	Max_count	Freq
G22813T(S:K417N) T22882G(S:N440K) T22917G(S:L452R)	164	22793	22969	537	0.3054003724394786
G22578A(S:G339D)	84	22368	22669	308	0.2727272727272727
(22487,1)(S:DEL310) G22578A(S:G339D)	30	22368	22582	301	0.09966777408637874
(23143,1)(S:DEL528) (23164,1)(S:DEL535)	29	23089	23291	657	0.0441400304414003
G22813T(S:K417N) T22882G(S:N440K)	25	22793	22968	550	0.045454545454545456
(23164,1)(S:DEL535)	20	23089	23291	663	0.030165912518853696
(23143,1)(S:DEL528)	18	23089	23289	660	0.02727272727272727
G22813T(S:K417N) T22882G(S:N440K) A22893C(S:K444T) T22917G(S:L452R) T22942A(S:N460K)	17	22793	22968	527	0.03225806451612903
G22813T(S:K417N) T22882G(S:N440K) A22893C(S:K444T) T22917G(S:L452R)	15	22793	22968	537	0.027932960893854747
(22572,1)(S:DEL338) G22578A(S:G339D)	13	22368	22581	308	0.04220779220779221
G22813T(S:K417N) T22882G(S:N440K) G22898A(S:G446S) T22942G(S:N460K)	12	22793	22967	527	0.022770398481973434
T22882G(S:N440K) T22917G(S:L452R) G22992A(S:S477N) C22995A(S:T478K) A23013C(S:E484A) T23018G(S:F486V)	12	22876	23048	52	0.23076923076923078
T22882G(S:N440K) T22917G(S:L452R)	11	22793	22969	632	0.01740506329113924
A23013C(S:E484A) T23018G(S:F486V) A23055G(S:Q498R) A23063T(S:N501Y) T23075C(S:Y505H)	11	23008	23225	31	0.3548387096774194
