Covariants	Count	Coverage_start	Coverage_end	Max_count	Freq
G22813T(S:K417N) T22882G(S:N440K) T22917G(S:L452R)	146	22793	22969	778	0.18766066838046272
G22578A(S:G339D)	125	22368	22587	596	0.20973154362416108
(22572,1)(S:DEL338) G22578A(S:G339D)	47	22368	22582	595	0.07899159663865546
T22882G(S:N440K) T22917G(S:L452R) G22992A(S:S477N) C22995A(S:T478K) A23013C(S:E484A) T23018G(S:F486V)	33	22876	23052	141	0.23404255319148937
G22813T(S:K417N) T22882G(S:N440K) A22893C(S:K444T) T22917G(S:L452R)	31	22793	22970	778	0.03984575835475578
G22813T(S:K417N) T22882G(S:N440K) T22917G(S:L452R) T22942A(S:N460K)	28	22793	22968	748	0.0374331550802139
A23013C(S:E484A) T23018G(S:F486V) A23055G(S:Q498R) A23063T(S:N501Y) T23075C(S:Y505H)	27	23008	23225	97	0.27835051546391754
(22487,1)(S:DEL310) G22578A(S:G339D)	25	22368	22581	566	0.044169611307420496
G22813T(S:K417N) T22882G(S:N440K)	24	22793	22969	805	0.02981366459627329
(23143,1)(S:DEL528)	22	23089	23290	1005	0.021890547263681594
(23103,1)(S:DEL515)	21	23089	23290	989	0.021233569261880688
G22813T(S:K417N) T22882G(S:N440K) A22893C(S:K444T) T22917G(S:L452R) T22942A(S:N460K)	19	22793	22967	748	0.02540106951871658
G22813T(S:K417N) T22882G(S:N440K) G22898A(S:G446S) T22942G(S:N460K)	14	22793	22968	748	0.01871657754010695
(23143,1)(S:DEL528) (23164,1)(S:DEL535)	14	23089	23289	1000	0.014
T22882G(S:N440K)	12	22793	22989	1032	0.011627906976744186
T22882G(S:N440K) T22917G(S:L452R)	12	22793	22979	1003	0.011964107676969093
