Covariants	Count	Max_count	Freq	Coverage_start	Coverage_end
(23103,1)(S:DEL515)	60	2494	0.024057738572574178	23096	23123
G22813T(S:K417N) T22882G(S:N440K) G22895C(S:V445P) T22896C(S:V445P) G22898A(S:G446S) T22942G(S:N460K)	57	452	0.1261061946902655	22794	22966
C23202T(S:T547I)	56	2441	0.02294141745186399	23111	23234
G22813T(S:K417N) T22882G(S:N440K) G22895C(S:V445P) T22896C(S:V445P) G22898A(S:G446S)	51	613	0.08319738988580751	22793	22907
(23164,1)(S:DEL535)	49	2535	0.01932938856015779	23155	23195
G22813T(S:K417N) T22882G(S:N440K)	35	721	0.04854368932038835	22793	22889
(23143,1)(S:DEL528)	32	2521	0.012693375644585482	23089	23156
G22813T(S:K417N) T22882G(S:N440K) G22895C(S:V445P) T22896C(S:V445P) G22898A(S:G446S) T22930A(S:F456L) T22942G(S:N460K)	29	452	0.06415929203539823	22808	22966
(23230,1)(S:DEL557)	25	2384	0.010486577181208054	23089	23244
(23143,1)(S:DEL528) (23164,1)(S:DEL535)	23	2496	0.00921474358974359	23134	23177
(23164,1)(S:DEL535) (23230,1)(S:DEL557)	17	2384	0.007130872483221477	23105	23252
A23157G(S:N532S)	16	2542	0.006294256490952006	23089	23234
(23143,1)(S:DEL528) (23164,1)(S:DEL535) (23230,1)(S:DEL557)	15	2346	0.00639386189258312	23089	23290
G23093T(S:V511L)	15	2464	0.006087662337662338	23089	23110
(23143,1)(S:DEL528) (23230,1)(S:DEL557)	15	2346	0.00639386189258312	23102	23260
C23123A(S:P521T)	14	2503	0.005593288054334798	23089	23290
G22813T(S:K417N) T22882G(S:N440K) G22895C(S:V445P) T22896C(S:V445P) G22898A(S:G446S) T22930A(S:F456L)	14	510	0.027450980392156862	22808	22933
A23125T(S:P521P)	13	2504	0.005191693290734824	23089	23290
(23254,1)(S:DEL565)	12	2299	0.005219660722053067	23150	23290
(23278,1)(S:DEL573)	12	2268	0.005291005291005291	23155	23290
T22942G(S:N460K)	12	634	0.01892744479495268	22938	22967
T22882G(S:N440K) G22895C(S:V445P) T22896C(S:V445P) G22898A(S:G446S)	12	748	0.016042780748663103	22876	22912
C23114G(S:L518V)	11	2504	0.00439297124600639	23089	23240
G22813T(S:K417N) T22882G(S:N440K) G22895C(S:V445P) T22896C(S:V445P) G22898A(S:G446S) T22942G(S:N460K) (22950,1)(S:DEL464)	11	445	0.024719101123595506	22800	22967
G22813T(S:K417N)	11	758	0.014511873350923483	22793	22817
C23249G(S:Q563E)	11	2314	0.004753673292999135	23155	23290
C22480T(S:F306F) G22577C(S:G339H) G22578A(S:G339H)	11	62	0.1774193548387097	22405	22581
T22882G(S:N440K) G22895C G22898A(S:G446S)	10	748	0.013368983957219251	22876	22915
G22813T(S:K417N) T22882G(S:N440K) T22896C G22898A(S:G446S) T22942G(S:N460K)	10	452	0.022123893805309734	22793	22944
