Covariants	Count	Max_count	Freq	Coverage_start	Coverage_end
C23123T(S:P521S)	55	1492	0.03686327077747989	23096	23187
C23202T(S:T547I)	47	1412	0.03328611898016997	23124	23274
(23103,1)(S:DEL515)	34	1482	0.022941970310391364	23089	23117
(23164,1)(S:DEL535)	26	1494	0.01740294511378849	23144	23190
(23143,1)(S:DEL528)	24	1498	0.01602136181575434	23090	23159
(23230,1)(S:DEL557)	19	1383	0.01373825018076645	23093	23243
(23143,1)(S:DEL528) (23164,1)(S:DEL535)	14	1485	0.009427609427609427	23089	23176
A23274G(S:D571G)	13	1325	0.009811320754716982	23157	23290
A23140G(S:G526G)	13	1495	0.008695652173913044	23089	23286
(23143,1)(S:DEL528) (23164,1)(S:DEL535) (23230,1)(S:DEL557)	12	1375	0.008727272727272728	23089	23247
