Covariants	Count	Max_count	Freq	Coverage_start	Coverage_end
G22813T(S:K417N) T22882G(S:N440K) G22895C(S:V445P) T22896C(S:V445P) G22898A(S:G446S) T22942G(S:N460K)	47	272	0.17279411764705882	22806	22966
G22813T(S:K417N) T22882G(S:N440K) G22895C(S:V445P) T22896C(S:V445P) G22898A(S:G446S)	38	355	0.10704225352112676	22809	22906
(23164,1)(S:DEL535)	31	1239	0.025020177562550445	23094	23177
(23143,1)(S:DEL528)	30	1246	0.024077046548956663	23089	23185
(23143,1)(S:DEL528) (23164,1)(S:DEL535)	26	1231	0.021121039805036556	23104	23201
G22813T(S:K417N) T22882G(S:N440K)	24	413	0.05811138014527845	22793	22889
A23209T(S:T549T)	22	1198	0.018363939899833055	23147	23274
(23244,1)(S:DEL562)	18	1151	0.015638575152041704	23146	23290
(23230,1)(S:DEL557)	16	1174	0.013628620102214651	23089	23279
G22813T(S:K417N) T22882G(S:N440K) G22895C(S:V445P) T22896C(S:V445P) G22898A(S:G446S) T22928C(S:F456L) T22942G(S:N460K)	16	272	0.058823529411764705	22793	22967
G22813T(S:K417N) T22882G(S:N440K) G22895C(S:V445P) T22896C(S:V445P) G22898A(S:G446S) T22942G(S:N460K) (22950,1)(S:DEL464)	14	272	0.051470588235294115	22793	22966
(23103,1)(S:DEL515)	14	1250	0.0112	23089	23116
(23143,1)(S:DEL528) (23164,1)(S:DEL535) (23230,1)(S:DEL557)	12	1166	0.010291595197255575	23104	23276
G23285A(S:A575T)	12	1137	0.010554089709762533	23089	23290
(23143,1)(S:DEL528) (23230,1)(S:DEL557)	11	1166	0.009433962264150943	23089	23252
T22942G(S:N460K)	10	319	0.03134796238244514	22935	22958
(23099,1)(S:DEL514)	10	1247	0.00801924619085806	23089	23111
