Covariants	Count	Coverage_start	Coverage_end	Max_count	Freq
G22813T(S:K417N) T22882G(S:N440K) A22893C(S:K444T) T22917G(S:L452R)	142	22793	22971	1560	0.09102564102564102
G22813T(S:K417N) T22882G(S:N440K) G22895C(S:V445P) T22896C(S:V445P) G22898A(S:G446S)	96	22793	22969	1653	0.05807622504537205
G22813T(S:K417N) T22882G(S:N440K) A22893C(S:K444T) T22917G(S:L452R) T22942A(S:N460K)	57	22793	22968	1332	0.04279279279279279
T22942A(S:N460K)	56	22793	22969	1644	0.0340632603406326
G22813T(S:K417N) T22882G(S:N440K) G22895C(S:V445P) T22896C(S:V445P) G22898A(S:G446S) T22942G(S:N460K)	53	22793	22968	1332	0.03978978978978979
G22813T(S:K417N) T22882G(S:N440K) T22917G(S:L452R) T22942A(S:N460K)	42	22793	22968	1332	0.03153153153153153
G22813T(S:K417N) T22882G(S:N440K)	39	22793	22968	1747	0.022323983972524327
G22813T(S:K417N) T22882G(S:N440K) T22942A(S:N460K)	35	22793	22971	1332	0.026276276276276277
T22942A(S:N460K) (22950,1)(S:DEL464)	20	22793	22967	1583	0.012634238787113077
G22813T(S:K417N) T22882G(S:N440K) A22893C(S:K444T)	18	22793	22969	1706	0.010550996483001172
G22813T(S:K417N) T22942A(S:N460K)	18	22793	22969	1332	0.013513513513513514
G22813T T22882G(S:N440K) G22895C(S:V445P) T22896C(S:V445P) G22898A(S:G446S) (22900,1)(S:DEL447)	14	22793	22967	1649	0.008489993935718617
G22813T(S:K417N)	13	22793	22916	1790	0.007262569832402235
G22813T(S:K417N) T22882G(S:N440K) G22895C G22898A(S:G446S)	13	22793	22968	1653	0.007864488808227465
G22813T T22882G(S:N440K) A22893C(S:K444T) T22917G(S:L452R) (22945,1)(S:DEL462)	12	22793	22967	1322	0.009077155824508321
G22813T(S:K417N) T22882G(S:N440K) T22917G(S:L452R)	11	22793	22970	1560	0.007051282051282051
A23013C(S:E484A) T23018G(S:F486V) A23055G(S:Q498R) A23063T(S:N501Y) T23075C(S:Y505H)	11	23008	23224	176	0.0625
G22813T(S:K417N) T22882G(S:N440K) G22895C(S:V445P) T22896C(S:V445P) G22898A(S:G446S) (22950,1)(S:DEL464)	10	22793	22967	1276	0.007836990595611285
T22942G(S:N460K)	10	22906	22969	1644	0.006082725060827251
