Covariants	Count	Coverage_start	Coverage_end	Max_count	Freq
G22813T(S:K417N) T22882G(S:N440K) A22893C(S:K444T) T22917G(S:L452R)	108	22793	22970	1063	0.10159924741298212
G22813T(S:K417N) T22882G(S:N440K) G22895C(S:V445P) T22896C(S:V445P) G22898A(S:G446S) T22942G(S:N460K)	79	22793	22969	911	0.0867178924259056
G22813T(S:K417N) T22882G(S:N440K) G22895C(S:V445P) T22896C(S:V445P) G22898A(S:G446S)	36	22793	22972	1111	0.032403240324032405
G22813T(S:K417N) T22882G(S:N440K) T22917G(S:L452R) T22942A(S:N460K)	34	22793	22968	911	0.03732162458836443
T22942A(S:N460K)	31	22883	22969	1187	0.02611625947767481
G22813T(S:K417N) T22882G(S:N440K) T22942A(S:N460K)	25	22793	22969	911	0.027442371020856202
G22813T(S:K417N) T22882G(S:N440K) A22893C(S:K444T) T22917G(S:L452R) T22942A(S:N460K)	23	22793	22968	911	0.025246981339187707
T22942G(S:N460K)	18	22857	22969	1187	0.015164279696714406
G22813T(S:K417N) T22882G(S:N440K)	17	22793	22968	1170	0.01452991452991453
G22578A(S:G339D)	16	22368	22585	126	0.12698412698412698
G22813T(S:K417N) T22882G(S:N440K) T22896C G22898A(S:G446S) T22942G(S:N460K)	14	22793	22968	911	0.015367727771679473
T22882G(S:N440K) A22893C(S:K444T) T22917G(S:L452R)	13	22793	22977	1203	0.010806317539484621
G22809A(S:G416E) G22813T(S:K417N) T22882G(S:N440K) G22895C(S:V445P) T22896C(S:V445P) G22898A(S:G446S)	13	22793	22968	1108	0.011732851985559567
G22809A(S:G416E) G22813T(S:K417N) T22882G(S:N440K) G22895C(S:V445P) T22896C(S:V445P) G22898A(S:G446S) T22942G(S:N460K)	12	22793	22968	908	0.013215859030837005
G22813T(S:K417N) T22882G(S:N440K) T22917G(S:L452R)	11	22793	22969	1063	0.010348071495766699
G22813T(S:K417N)	10	22793	22894	1210	0.008264462809917356
(22487,1)(S:DEL310) G22578A(S:G339D)	10	22368	22581	124	0.08064516129032258
