Covariants	Count	Max_count	Freq	Coverage_start	Coverage_end
C23123T(S:P521S)	114	2903	0.03926972097829831	23093	23145
C23202T(S:T547I)	114	2827	0.04032543332154227	23155	23276
(23103,1)(S:DEL515)	76	2894	0.02626123013130615	23096	23115
C23191T(S:F543F)	50	2854	0.01751927119831815	23089	23215
(23164,1)(S:DEL535)	28	2918	0.009595613433858808	23144	23187
(23143,1)(S:DEL528)	24	2909	0.008250257820556892	23104	23168
(23230,1)(S:DEL557)	23	2798	0.008220157255182273	23093	23246
(23143,1)(S:DEL528) (23164,1)(S:DEL535)	21	2879	0.007294199374782911	23124	23190
A23180G(S:N540D)	20	2894	0.006910850034554251	23096	23221
C23123A(S:P521T)	19	2903	0.006544953496383052	23114	23183
(23143,1)(S:DEL528) (23164,1)(S:DEL535) (23230,1)(S:DEL557)	19	2759	0.006886553098948894	23089	23274
C23123A(S:P521T) G23195A(S:G545S)	17	2779	0.0061173083843109035	23089	23276
(23103,1)(S:DEL515) C23202T(S:T547I)	16	2725	0.005871559633027523	23096	23290
(23099,1)(S:DEL514)	13	2898	0.004485852311939268	23089	23113
(23188,'T')(S:INS543)	13	2872	0.004526462395543176	23089	23198
G23175A(S:C538Y)	11	2904	0.003787878787878788	23115	23276
(23103,1)(S:DEL515) C23123T(S:P521S)	10	2865	0.0034904013961605585	23100	23278
