Covariants	Count	Coverage_start	Coverage_end	Max_count	Freq
(23143,1)(S:DEL528)	24	23089	23290	234	0.10256410256410256
G22813T(S:K417N) T22882G(S:N440K)	17	22793	22967	307	0.05537459283387622
T22882G(S:N440K) G22895C(S:V445P) T22896C(S:V445P) G22898A(S:G446S)	16	22793	22971	663	0.024132730015082957
T22882G(S:N440K) G22895C G22898A(S:G446S)	16	22876	22951	663	0.024132730015082957
T22882G(S:N440K)	15	22793	22980	709	0.021156558533145273
G22813T T22882G(S:N440K) A22893C(S:K444T) T22917G(S:L452R)	14	22793	22967	217	0.06451612903225806
(22950,1)(S:DEL464)	11	22878	22967	647	0.017001545595054096
(22569,1)(S:DEL337)	10	22368	22582	389	0.02570694087403599
T22882G(S:N440K) A22893C(S:K444T)	10	22793	22989	686	0.014577259475218658
T22942A(S:N460K)	10	22904	22968	610	0.01639344262295082
