Covariants	Count	Coverage_start	Coverage_end	Max_count	Freq
G22813T(S:K417N) T22882G(S:N440K) G22895C(S:V445P) T22896C(S:V445P) G22898A(S:G446S)	68	22793	22970	838	0.081145584725537
G22813T(S:K417N) T22882G(S:N440K) G22895C(S:V445P) T22896C(S:V445P) G22898A(S:G446S) T22942G(S:N460K)	52	22793	22969	644	0.08074534161490683
G22813T(S:K417N) T22882G(S:N440K) A22893C(S:K444T) T22917G(S:L452R)	51	22793	22970	774	0.06589147286821706
G22813T(S:K417N) T22882G(S:N440K)	30	22793	22968	893	0.0335946248600224
G22813T(S:K417N) T22882G(S:N440K) T22917G(S:L452R) T22942A(S:N460K)	20	22793	22968	644	0.031055900621118012
G22813T(S:K417N) T22882G(S:N440K) G22895C(S:V445P) T22896C(S:V445P) G22898A(S:G446S) T22942G(S:N460K) (22950,1)(S:DEL464)	15	22793	22967	620	0.024193548387096774
T22942A(S:N460K)	15	22893	22970	757	0.019815059445178335
G22813T(S:K417N) T22882G(S:N440K) T22942A(S:N460K)	14	22793	22968	644	0.021739130434782608
T22942G(S:N460K)	13	22899	22968	757	0.017173051519154558
G22813T(S:K417N) T22882G(S:N440K) T22896C G22898A(S:G446S) T22942G(S:N460K)	11	22793	22969	644	0.017080745341614908
