Covariants	Count	Max_count	Freq	Coverage_start	Coverage_end
G22813T(S:K417N) T22882G(S:N440K)	111	1064	0.10432330827067669	22803	22886
(23103,1)(S:DEL515)	62	2139	0.028985507246376812	23089	23114
T22942G(S:N460K)	61	889	0.0686164229471316	22938	22966
(23143,1)(S:DEL528)	52	2193	0.023711810305517556	23129	23153
C23123T(S:P521S)	42	2168	0.01937269372693727	23103	23137
T22882G(S:N440K)	38	1188	0.03198653198653199	22876	22889
G22813T(S:K417N)	32	1160	0.027586206896551724	22809	22820
(23164,1)(S:DEL535)	30	2247	0.01335113484646195	23144	23187
G22813T(S:K417N) T22882G(S:N440K) G22895C(S:V445P) T22896C(S:V445P) G22898A(S:G446S)	29	713	0.04067321178120617	22793	22906
G22813T(S:K417N) T22882G(S:N440K) G22895C(S:V445P) T22896C(S:V445P) G22898A(S:G446S) T22942G(S:N460K)	25	462	0.05411255411255411	22793	22966
(23099,1)(S:DEL514)	24	2133	0.011251758087201125	23089	23113
G22927T T22942G(S:N460K)	22	789	0.02788339670468948	22921	22967
(23143,1)(S:DEL528) (23164,1)(S:DEL535)	19	2147	0.008849557522123894	23104	23176
(22926,1)(S:DEL456) T22930A(S:F456L) T22942G(S:N460K)	17	783	0.021711366538952746	22918	22967
G22813T(S:K417N) T22882G(S:N440K) G22895C(S:V445P) T22896C(S:V445P) G22898A(S:G446S) T22917G(S:L452R) T22930A(S:F456L) T22942G(S:N460K)	16	462	0.03463203463203463	22793	22967
(22926,1)(S:DEL456) T22942G(S:N460K)	15	783	0.019157088122605363	22918	22967
T22882G(S:N440K) G22895C(S:V445P) T22896C(S:V445P) G22898A(S:G446S)	13	834	0.015587529976019185	22876	22907
C23280T(S:T573I)	13	1706	0.0076201641266119575	23155	23290
(23136,1)(S:DEL526)	13	2187	0.00594421582075903	23089	23176
(23230,1)(S:DEL557)	12	1834	0.006543075245365322	23103	23243
(22926,1)(S:DEL456) T22942G(S:N460K) (22950,1)(S:DEL464)	12	747	0.01606425702811245	22917	22967
(23254,1)(S:DEL565)	11	1735	0.006340057636887608	23144	23290
T22882G(S:N440K) G22895C G22898A(S:G446S)	11	834	0.013189448441247002	22877	22909
(23103,1)(S:DEL515) (23143,1)(S:DEL528)	10	2095	0.00477326968973747	23089	23174
(23143,1)(S:DEL528) (23164,1)(S:DEL535) (23230,1)(S:DEL557)	10	1735	0.005763688760806916	23129	23252
(22809,1)(S:DEL417) T22882G(S:N440K)	10	1061	0.00942507068803016	22793	22890
