Covariants	Count	Coverage_start	Coverage_end	Max_count	Freq
(22809,1)(S:DEL417)	106	22793	22909	1421	0.07459535538353272
G22813T(S:K417N)	77	22793	22898	1358	0.05670103092783505
(23099,1)(S:DEL514)	67	23089	23168	489	0.13701431492842536
(22950,1)(S:DEL464)	44	22909	22967	466	0.0944206008583691
(23099,1)(S:DEL514) (23103,1)(S:DEL515)	40	23089	23167	486	0.0823045267489712
T22882G(S:N440K)	39	22793	22939	632	0.061708860759493674
(22964,1)(S:DEL469)	33	22932	22967	1158	0.02849740932642487
(23099,1)(S:DEL514) (23143,1)(S:DEL528)	29	23089	23167	415	0.06987951807228916
(22809,1)(S:DEL417) G22813T(S:K417N)	26	22793	22894	1355	0.01918819188191882
G22813T(S:K417N) T22882G(S:N440K)	25	22793	22940	587	0.04258943781942078
(22798,'G')(S:INS413)	24	22793	22896	1451	0.016540317022742935
(23143,1)(S:DEL528)	23	23089	23170	447	0.05145413870246085
(23099,1)(S:DEL514) (23103,1)(S:DEL515) (23143,1)(S:DEL528)	18	23089	23168	415	0.043373493975903614
(22814,1)(S:DEL419)	15	22793	22889	1364	0.010997067448680353
(22834,1)(S:DEL425)	14	22793	22894	1225	0.011428571428571429
(22802,1)(S:DEL415)	14	22793	22896	1467	0.00954328561690525
A23013C(S:E484A) T23018G(S:F486V)	14	23008	23048	240	0.058333333333333334
(22811,2)(S:DEL418)	13	22793	22892	1358	0.009572901325478646
(22802,1)(S:DEL415) (22809,1)(S:DEL417)	12	22793	22892	1391	0.008626887131560028
(23103,1)(S:DEL515)	12	23089	23167	490	0.024489795918367346
(22798,'G')(S:INS413) G22813T	11	22793	22889	1273	0.00864100549882168
(22845,1)(S:DEL429)	11	22793	22902	1043	0.010546500479386385
G22992A(S:S477N) C22995A(S:T478K) A23013C(S:E484A)	11	22917	23050	196	0.05612244897959184
(22802,1)(S:DEL415) (22809,1)(S:DEL417) G22813T	11	22793	22878	1325	0.00830188679245283
(22941,1)(S:DEL461) (22950,1)(S:DEL464)	10	22913	22965	235	0.0425531914893617
(22807,'G')(S:INS416)	10	22793	22889	1415	0.007067137809187279
(23099,1)(S:DEL514) (23143,1)(S:DEL528) (23157,1)(S:DEL533)	10	23089	23166	220	0.045454545454545456
(23099,1)(S:DEL514) (23103,1)(S:DEL515) (23143,1)(S:DEL528) (23157,1)(S:DEL533)	10	23089	23164	220	0.045454545454545456
