Covariants	Count	Max_count	Freq	Coverage_start	Coverage_end
(23143,1)(S:DEL528)	82	4305	0.01904761904761905	23134	23156
(23164,1)(S:DEL535)	68	4286	0.015865608959402706	23157	23190
(23103,1)(S:DEL515)	66	4267	0.015467541598312632	23089	23159
(23230,1)(S:DEL557)	63	3951	0.015945330296127564	23089	23242
(23143,1)(S:DEL528) (23164,1)(S:DEL535)	60	4247	0.014127619496114905	23112	23185
(23143,1)(S:DEL528) (23164,1)(S:DEL535) (23230,1)(S:DEL557)	52	3912	0.013292433537832311	23129	23242
(23099,1)(S:DEL514)	44	4254	0.010343206393982134	23093	23110
(23254,1)(S:DEL565)	38	3716	0.01022604951560818	23089	23274
(23244,1)(S:DEL562)	28	3777	0.007413290971670638	23089	23290
(23143,1)(S:DEL528) (23230,1)(S:DEL557)	27	3912	0.006901840490797546	23114	23246
(23164,1)(S:DEL535) (23230,1)(S:DEL557)	17	3951	0.004302708175145533	23089	23282
T22882G(S:N440K) G22895C(S:V445P) T22896C(S:V445P) G22898A(S:G446S) T22930A(S:F456L) T22942G(S:N460K)	17	196	0.08673469387755102	22877	22957
(23099,1)(S:DEL514) (23143,1)(S:DEL528) (23164,1)(S:DEL535) (23230,1)(S:DEL557)	16	3802	0.004208311415044713	23089	23246
C23123T(S:P521S)	15	4300	0.0034883720930232558	23093	23234
(23278,1)(S:DEL573)	15	3665	0.004092769440654843	23155	23290
A23207G(S:T549A)	14	4054	0.003453379378391712	23089	23244
(23191,1)(S:DEL544)	14	4151	0.003372681281618887	23153	23274
T22882G(S:N440K) G22895C G22898A(S:G446S)	14	271	0.05166051660516605	22877	22915
(23103,1)(S:DEL515) (23143,1)(S:DEL528) (23164,1)(S:DEL535)	13	4150	0.0031325301204819275	23089	23187
C23277T(S:T572I)	13	3666	0.0035460992907801418	23089	23290
(23099,1)(S:DEL514) (23103,1)(S:DEL515)	12	4245	0.0028268551236749115	23089	23124
(23256,2)(S:DEL566)	12	3709	0.0032353734160150984	23089	23290
(23103,1)(S:DEL515) (23143,1)(S:DEL528)	11	4205	0.002615933412604043	23089	23208
(23143,1)(S:DEL528) (23164,1)(S:DEL535) (23230,1)(S:DEL557) (23244,1)(S:DEL562)	10	3738	0.002675227394328518	23089	23290
(23257,1)(S:DEL566)	10	3709	0.0026961445133459154	23089	23290
C23188T(S:N542N) G23222A(S:E554K)	10	4013	0.0024919013207077	23089	23290
G22813T T22882G(S:N440K)	10	107	0.09345794392523364	22793	22892
