Covariants	Count	Coverage_start	Coverage_end	Max_count	Freq
G22813T(S:K417N) T22882G(S:N440K)	109	22793	22906	1061	0.10273327049952875
G22813T(S:K417N) T22882G(S:N440K) G22895C(S:V445P) T22896C(S:V445P) G22898A(S:G446S)	80	22793	22967	771	0.10376134889753567
G22813T(S:K417N) T22882G(S:N440K) G22895C(S:V445P) T22896C(S:V445P) G22898A(S:G446S) T22942G(S:N460K)	75	22793	22969	472	0.15889830508474576
(23103,1)(S:DEL515)	47	23075	23292	2367	0.019856358259400086
(23164,1)(S:DEL535)	46	23089	23291	2403	0.01914273824386184
G23108C(S:E516Q)	44	23089	23292	2364	0.018612521150592216
(23143,1)(S:DEL528)	42	23089	23293	2410	0.017427385892116183
T22942G(S:N460K)	37	22898	22969	772	0.04792746113989637
(23230,1)(S:DEL557)	37	23089	23294	2181	0.016964695093993582
G22813T(S:K417N) T22882G(S:N440K) G22895C(S:V445P) T22896C(S:V445P) G22898A(S:G446S) (22900,1)(S:DEL447)	35	22793	22938	769	0.045513654096228866
(23143,1)(S:DEL528) (23164,1)(S:DEL535)	29	23089	23290	2365	0.01226215644820296
T22882G(S:N440K)	24	22793	22954	1258	0.019077901430842606
G22813T(S:K417N) T22882G(S:N440K) G22895C G22898A(S:G446S)	24	22793	22951	771	0.0311284046692607
G22813T(S:K417N) T22882G(S:N440K) T22896C G22898A(S:G446S) T22942G(S:N460K)	24	22793	22968	472	0.05084745762711865
(23099,1)(S:DEL514)	24	23089	23291	2358	0.010178117048346057
G22813T(S:K417N)	22	22788	22896	1137	0.019349164467897976
G23108T(S:E516*)	20	23089	23293	2364	0.008460236886632826
T22882G(S:N440K) G22895C(S:V445P) T22896C(S:V445P) G22898A(S:G446S)	19	22793	22980	966	0.019668737060041408
(23257,1)(S:DEL566)	18	23089	23292	2045	0.008801955990220049
(23254,1)(S:DEL565)	12	23089	23290	2050	0.005853658536585366
A22810G(S:G416G) G22813T(S:K417N) T22882G(S:N440K)	12	22793	22894	1061	0.011310084825636193
(23278,1)(S:DEL573)	11	23089	23291	2010	0.005472636815920398
(23181,'T')(S:INS541)	10	23089	23293	2353	0.004249893752656183
G22813T(S:K417N) T22882G(S:N440K) T22896C G22898A(S:G446S) (22914,1)(S:DEL452) T22942G(S:N460K)	10	22793	22967	472	0.0211864406779661
