Covariants	Count	Max_count	Freq	Coverage_start	Coverage_end
T23599G(S:N679K)	16	474	0.03375527426160337	23581	23603
T23599G(S:N679K) C23604A(S:P681H)	14	470	0.029787234042553193	23581	23614
T23599G(S:N679K) C23604G(S:P681R) (23609,1)(S:DEL684)	13	465	0.02795698924731183	23580	23619
(23508,1)(S:DEL650) C23525T(S:H655Y)	10	83	0.12048192771084337	23491	23537
