Covariants	Count	Max_count	Freq	Coverage_start	Coverage_end
C23202T(S:T547I)	138	2713	0.05086619977884261	23155	23234
C23202T(S:T547I) T23214C(S:V551A)	71	2691	0.026384243775548124	23096	23224
(23164,1)(S:DEL535)	58	2797	0.020736503396496245	23113	23176
(23230,1)(S:DEL557)	50	2672	0.0187125748502994	23089	23270
C23191G(S:F543L)	46	2739	0.016794450529390288	23142	23223
G23126C(S:A522P) (23160,1)(S:DEL534)	44	2775	0.015855855855855857	23089	23243
(23143,1)(S:DEL528) (23164,1)(S:DEL535)	37	2780	0.013309352517985611	23119	23190
(23103,1)(S:DEL515)	32	2795	0.01144901610017889	23093	23116
(23143,1)(S:DEL528)	32	2806	0.011404133998574484	23097	23157
(23143,1)(S:DEL528) (23164,1)(S:DEL535) (23230,1)(S:DEL557)	29	2655	0.010922787193973634	23089	23250
(23244,1)(S:DEL562)	21	2605	0.008061420345489444	23096	23290
(23164,1)(S:DEL535) C23202T(S:T547I)	16	2713	0.005897530409141172	23155	23290
(23143,1)(S:DEL528) (23230,1)(S:DEL557)	16	2655	0.006026365348399247	23094	23262
(23164,1)(S:DEL535) (23230,1)(S:DEL557)	16	2672	0.005988023952095809	23089	23290
(23099,1)(S:DEL514)	15	2790	0.005376344086021506	23097	23112
(23188,'T')(S:INS543)	15	2762	0.005430847212165098	23089	23208
C23202T(S:T547I) (23244,1)(S:DEL562)	11	2605	0.004222648752399232	23089	23290
(23230,1)(S:DEL557) (23244,1)(S:DEL562)	10	2605	0.003838771593090211	23089	23290
(23143,1)(S:DEL528) (23164,1)(S:DEL535) (23230,1)(S:DEL557) (23244,1)(S:DEL562)	10	2588	0.0038639876352395673	23089	23290
(23160,1)(S:DEL534)	10	2804	0.003566333808844508	23135	23279
