Covariants	Count	Max_count	Freq	Coverage_start	Coverage_end
G22813T(S:K417N) T22882G(S:N440K)	62	1162	0.05335628227194492	22801	22889
T22882G(S:N440K)	55	1233	0.04460665044606651	22877	22887
(23143,1)(S:DEL528)	52	1121	0.0463871543264942	23105	23156
(23103,1)(S:DEL515)	38	1056	0.03598484848484849	23089	23128
(23099,1)(S:DEL514) (23143,1)(S:DEL528)	37	1031	0.03588748787584869	23096	23156
G22813T(S:K417N) T22882G(S:N440K) G22895C(S:V445P) T22896C(S:V445P) G22898A(S:G446S)	34	795	0.042767295597484274	22801	22906
T22942G(S:N460K)	28	860	0.03255813953488372	22937	22967
G22813T(S:K417N)	28	1253	0.0223463687150838	22798	22816
(22809,1)(S:DEL417) T22882G(S:N440K)	27	1160	0.02327586206896552	22793	22889
(23143,1)(S:DEL528) (23164,1)(S:DEL535)	21	1065	0.01971830985915493	23110	23176
T22942G(S:N460K) (22949,2)(S:DEL464)	20	828	0.024154589371980676	22935	22967
T22942G(S:N460K) (22950,1)(S:DEL464)	19	828	0.022946859903381644	22938	22967
(23099,1)(S:DEL514) (23103,1)(S:DEL515) (23143,1)(S:DEL528)	18	1031	0.01745877788554801	23089	23159
(22949,2)(S:DEL464)	16	895	0.017877094972067038	22936	22967
T23198C(S:L546L)	15	924	0.016233766233766232	23156	23290
(23103,1)(S:DEL515) (23143,1)(S:DEL528)	13	1039	0.012512030798845043	23100	23165
(23099,1)(S:DEL514) (23143,1)(S:DEL528) (23164,1)(S:DEL535)	12	978	0.012269938650306749	23089	23176
T22942G(S:N460K) (22948,1)(S:DEL463)	12	836	0.014354066985645933	22937	22967
(23254,1)(S:DEL565)	11	833	0.013205282112845138	23157	23290
G22813T(S:K417N) T22882G(S:N440K) G22895C(S:V445P) T22896C(S:V445P) G22898A(S:G446S) T22942G(S:N460K) (22950,1)(S:DEL464)	11	487	0.022587268993839837	22793	22963
G22813T(S:K417N) T22882G(S:N440K) G22895C(S:V445P) T22896C(S:V445P) G22898A(S:G446S) T22942G(S:N460K) (22949,2)(S:DEL464)	11	487	0.022587268993839837	22793	22966
G22813T(S:K417N) T22882G(S:N440K) G22895C(S:V445P) T22896C(S:V445P) G22898A(S:G446S) T22942G(S:N460K)	10	518	0.019305019305019305	22793	22947
(23164,1)(S:DEL535)	10	1139	0.00877963125548727	23155	23181
(22950,1)(S:DEL464)	10	897	0.011148272017837236	22942	22967
