Covariants	Count	Coverage_start	Coverage_end	Max_count	Freq
(23143,1)(S:DEL528)	30	23089	23171	215	0.13953488372093023
(23099,1)(S:DEL514)	26	23089	23168	229	0.11353711790393013
(23099,1)(S:DEL514) (23143,1)(S:DEL528)	17	23089	23170	192	0.08854166666666667
(23099,1)(S:DEL514) (23103,1)(S:DEL515)	11	23089	23166	223	0.04932735426008968
(22950,1)(S:DEL464)	10	22933	22966	94	0.10638297872340426
