Covariants	Count	Max_count	Freq	Coverage_start	Coverage_end
(23103,1)(S:DEL515)	82	1772	0.046275395033860044	23100	23127
C23123T(S:P521S)	63	1789	0.03521520402459474	23096	23176
(23230,1)(S:DEL557)	35	1662	0.0210589651022864	23089	23245
(23164,1)(S:DEL535)	28	1796	0.015590200445434299	23123	23179
(23143,1)(S:DEL528)	23	1794	0.01282051282051282	23115	23156
(23244,1)(S:DEL562)	20	1608	0.012437810945273632	23089	23290
(23099,1)(S:DEL514) (23143,1)(S:DEL528) (23164,1)(S:DEL535) (23230,1)(S:DEL557)	16	1615	0.009907120743034056	23093	23290
C23191T(S:F543F)	16	1720	0.009302325581395349	23089	23290
(23143,1)(S:DEL528) (23164,1)(S:DEL535)	15	1782	0.008417508417508417	23089	23183
(23188,'T')(S:INS543)	14	1748	0.008009153318077803	23089	23207
(23164,1)(S:DEL535) (23230,1)(S:DEL557)	14	1662	0.00842358604091456	23089	23290
G22577C(S:G339H) G22578A(S:G339H)	12	90	0.13333333333333333	22466	22581
(23254,1)(S:DEL565)	12	1597	0.007514088916718848	23105	23290
(23143,1)(S:DEL528) (23164,1)(S:DEL535) (23230,1)(S:DEL557)	12	1648	0.007281553398058253	23135	23290
(23099,1)(S:DEL514)	10	1768	0.005656108597285068	23096	23150
(23230,1)(S:DEL557) (23244,1)(S:DEL562)	10	1608	0.006218905472636816	23089	23290
