Covariants	Count	Max_count	Freq	Coverage_start	Coverage_end
G22813T(S:K417N) T22882G(S:N440K)	121	1096	0.1104014598540146	22793	22889
T22882G(S:N440K)	63	1197	0.05263157894736842	22817	22889
(23103,1)(S:DEL515)	43	1350	0.03185185185185185	23095	23115
T22942G(S:N460K)	36	818	0.044009779951100246	22936	22967
G22813T(S:K417N)	29	1159	0.025021570319240724	22793	22821
(23143,1)(S:DEL528) (23164,1)(S:DEL535)	27	1327	0.020346646571213264	23132	23190
(23143,1)(S:DEL528)	25	1347	0.01855976243504083	23089	23168
T22942G(S:N460K) (22950,1)(S:DEL464)	23	797	0.028858218318695106	22935	22966
G22813T(S:K417N) T22882G(S:N440K) G22895C(S:V445P) T22896C(S:V445P) G22898A(S:G446S)	22	670	0.03283582089552239	22799	22906
(23164,1)(S:DEL535)	20	1348	0.01483679525222552	23157	23234
G22813T(S:K417N) T22882G(S:N440K) G22895C(S:V445P) T22896C(S:V445P) G22898A(S:G446S) T22942G(S:N460K)	18	479	0.037578288100208766	22793	22967
G22813T(S:K417N) T22882G(S:N440K) G22895C(S:V445P) T22896C(S:V445P) G22898A(S:G446S) T22928C(S:F456L) T22942G(S:N460K)	17	479	0.03549060542797495	22793	22949
G22813T(S:K417N) T22882G(S:N440K) G22895C(S:V445P) T22896C(S:V445P) G22898A(S:G446S) G22927T(S:L455F) T22928C(S:F456L) T22942G(S:N460K)	16	479	0.033402922755741124	22793	22966
(22809,1)(S:DEL417) T22882G(S:N440K)	13	1089	0.011937557392102846	22793	22892
T22882G(S:N440K) G22895C(S:V445P) T22896C(S:V445P) G22898A(S:G446S)	12	770	0.015584415584415584	22876	22906
G22813T(S:K417N) T22882G(S:N440K) G22895C(S:V445P) T22896C(S:V445P) G22898A(S:G446S) T22942G(S:N460K) (22950,1)(S:DEL464)	12	461	0.026030368763557483	22793	22966
(22950,1)(S:DEL464)	11	820	0.013414634146341463	22943	22967
G22813T(S:K417N) T22882G(S:N440K) G22895C G22898A(S:G446S)	11	670	0.016417910447761194	22793	22906
G22813T(S:K417N) T22882G(S:N440K) G22895C(S:V445P) T22896C(S:V445P) G22898A(S:G446S) T22942G(S:N460K) (22949,2)(S:DEL464)	10	461	0.021691973969631236	22801	22967
G22927T T22942G(S:N460K)	10	743	0.013458950201884253	22920	22967
