Covariants	Count	Max_count	Freq	Coverage_start	Coverage_end
G22813T(S:K417N) T22882G(S:N440K) G22895C(S:V445P) T22896C(S:V445P) G22898A(S:G446S) T22942G(S:N460K)	89	414	0.21497584541062803	22808	22949
C23123A(S:P521T)	72	1741	0.04135554279149914	23100	23187
G22813T(S:K417N) T22882G(S:N440K) G22895C(S:V445P) T22896C(S:V445P) G22898A(S:G446S)	42	551	0.07622504537205081	22793	22906
G22813T(S:K417N) T22882G(S:N440K)	38	630	0.06031746031746032	22793	22887
(23103,1)(S:DEL515)	37	1741	0.02125215393452039	23089	23118
C23123T(S:P521S)	35	1741	0.020103388856978748	23114	23172
(23164,1)(S:DEL535)	27	1741	0.015508328546812177	23106	23221
(23143,1)(S:DEL528) (23164,1)(S:DEL535)	27	1725	0.01565217391304348	23109	23227
C23277T(S:T572I)	25	1526	0.0163826998689384	23089	23290
(23143,1)(S:DEL528) (23164,1)(S:DEL535) (23230,1)(S:DEL557)	24	1624	0.014778325123152709	23089	23246
(23143,1)(S:DEL528)	18	1742	0.010332950631458095	23119	23169
(23230,1)(S:DEL557)	17	1640	0.010365853658536586	23142	23247
(23244,1)(S:DEL562)	15	1570	0.009554140127388535	23089	23290
G22813T(S:K417N) T22882G(S:N440K) G22895C(S:V445P) T22896C(S:V445P) G22898A(S:G446S) T22942G(S:N460K) (22950,1)(S:DEL464)	14	409	0.034229828850855744	22796	22966
T22882G(S:N440K) G22895C(S:V445P) T22896C(S:V445P) G22898A(S:G446S)	14	637	0.02197802197802198	22876	22909
G22813T(S:K417N) T22882G(S:N440K) G22895C(S:V445P) T22896C(S:V445P) G22898A(S:G446S) (22914,1)(S:DEL452) T22942G(S:N460K)	12	414	0.028985507246376812	22793	22967
G22813T T22882G(S:N440K) G22895C G22898A(S:G446S)	11	551	0.019963702359346643	22803	22906
T22882G(S:N440K) G22895C G22898A(S:G446S)	10	637	0.015698587127158554	22877	22923
G22813T(S:K417N) T22882G(S:N440K) G22895C(S:V445P) T22896C(S:V445P) G22898A(S:G446S) T22930A(S:F456L) T22942G(S:N460K)	10	414	0.024154589371980676	22793	22967
T22882G(S:N440K) G22895C(S:V445P) T22896C(S:V445P) G22898A(S:G446S) T22942G(S:N460K)	10	473	0.021141649048625793	22877	22960
(23099,1)(S:DEL514)	10	1734	0.0057670126874279125	23089	23111
(23164,1)(S:DEL535) (23230,1)(S:DEL557)	10	1640	0.006097560975609756	23089	23290
