Covariants	Count	Coverage_start	Coverage_end	Max_count	Freq
(22950,1)(S:DEL464)	71	22901	22969	680	0.10441176470588236
(22964,1)(S:DEL469)	63	22942	22966	1485	0.04242424242424243
G22813T	54	22793	22905	880	0.06136363636363636
(22809,1)(S:DEL417)	46	22793	22909	936	0.049145299145299144
(22941,1)(S:DEL461)	21	22917	22967	355	0.059154929577464786
(22941,1)(S:DEL461) (22950,1)(S:DEL464)	20	22911	22966	331	0.06042296072507553
(22941,1)(S:DEL461) (22949,2)(S:DEL464)	18	22917	22965	331	0.054380664652567974
G22813T T22882G(S:N440K)	16	22793	22915	414	0.03864734299516908
(22809,1)(S:DEL417) G22813T(S:K417N)	16	22793	22894	878	0.018223234624145785
(22802,1)(S:DEL415)	16	22793	22882	996	0.01606425702811245
T22882G(S:N440K)	14	22793	22898	478	0.029288702928870293
(22802,1)(S:DEL415) (22809,1)(S:DEL417)	13	22793	22879	929	0.013993541442411194
