Covariants	Count	Max_count	Freq	Coverage_start	Coverage_end
C21711T(S:S50L) (21764,6)(S:DEL69/70)	949	1054	0.9003795066413662	21705	21790
C22295A(S:H245N)	806	854	0.9437939110070258	22293	22298
A22629C(S:K356T) C22674T(S:S371F) T22679C(S:S373P) C22686T(S:S375F) A22688G(S:T376A)	223	327	0.6819571865443425	22614	22688
C23525T(S:H655Y)	200	352	0.5681818181818182	23503	23536
T25479C(ORF3a:V29V)	172	441	0.3900226757369615	25368	25492
C23271T(S:A570V) A23403G(S:D614G) C23423T(S:P621S)	138	148	0.9324324324324325	23258	23445
C23271T(S:A570V)	123	273	0.45054945054945056	23258	23310
G23222A(S:E554K)	117	120	0.975	23157	23251
A23403G(S:D614G) C23423T(S:P621S) C23525T(S:H655Y)	108	144	0.75	23353	23536
A23403G(S:D614G) C23423T(S:P621S)	97	387	0.25064599483204136	23387	23445
A22629C(S:K356T) C22674T(S:S371F) T22679C(S:S373P) C22686T(S:S375F) A22688G(S:T376A) G22770A(S:R403K) G22775A(S:D405N)	82	89	0.9213483146067416	22614	22785
C24990T(S:P1143L) C25000T(S:D1146D)	49	52	0.9423076923076923	24974	25048
A24424T(S:Q954H) T24469A(S:N969K)	37	61	0.6065573770491803	24416	24499
G21987A(S:G142D) (21990,3)(S:DEL144) T22032C(S:F157S) C22033A(S:F157S) A22034G(S:R158G)	31	83	0.37349397590361444	21984	22035
G21987A(S:G142D) (21990,3)(S:DEL144) (22030,1)(S:DEL157) T22032C(S:F157S) C22033A(S:F157S) (22034,'G')(S:INS159) A22034G(S:R158G)	29	83	0.3493975903614458	21984	22070
C22353A(S:A264D)	28	37	0.7567567567567568	22332	22423
C21711T(S:S50L) T21737C(S:F59L) (21764,6)(S:DEL69/70)	27	1054	0.025616698292220113	21703	21790
(22193,3)(S:DEL212) T22200G(S:V213G) C22208T(S:L216F)	21	30	0.7	22164	22242
C21711T(S:S50L)	20	1058	0.01890359168241966	21703	21743
A24424T(S:Q954H) A24443G(S:T961A) T24469A(S:N969K)	16	61	0.26229508196721313	24416	24510
A25296G(S:K1245R)	16	276	0.057971014492753624	25244	25331
C21711T(S:S50L) C21732A(S:P57H) (21764,6)(S:DEL69/70)	16	1054	0.015180265654648957	21703	21790
T22882G(S:N440K) G22895C(S:V445H) T22896A(S:V445H) G22898A(S:G446S) A22910G(S:N450D) C22916T(S:L452W) T22917G(S:L452W) T22926C(S:L455S) T22928C(S:F456L) T22942A(S:N460K) G22992A(S:S477N) C22995A(S:T478K) T23005A(S:N481K) (23007,3)(S:DEL483) G23012A(S:E484K) T23018C(S:F486P) T23019C(S:F486P) A23055G(S:Q498R) A23063T(S:N501Y)	14	25	0.56	22876	23070
C25207T(S:Y1215Y)	13	15	0.8666666666666667	25141	25242
C23854A(S:N764K)	11	11	1.0	23785	23886
