Covariants	Count	Max_count	Freq	Coverage_start	Coverage_end
A22629C(S:K356T) C22674T(S:S371F) T22679C(S:S373P) C22686T(S:S375F) A22688G(S:T376A) T22746C(S:V395A) G22770A(S:R403K) G22775A(S:D405N)	333	392	0.8494897959183674	22614	22785
C22295A(S:H245N)	309	335	0.9223880597014925	22279	22301
C23271T(S:A570V) A23403G(S:D614G) C23423T(S:P621S)	279	337	0.827893175074184	23258	23445
C23758T(S:T732T)	195	203	0.9605911330049262	23715	23767
C23271T(S:A570V)	118	473	0.24947145877378435	23258	23288
C24990T(S:P1143L) C25000T(S:D1146D)	77	97	0.7938144329896907	24979	25005
A22629C(S:K356T) C22674T(S:S371F) T22679C(S:S373P) C22686T(S:S375F) A22688G(S:T376A)	72	472	0.15254237288135594	22614	22701
A23403G(S:D614G) C23423T(S:P621S)	72	493	0.1460446247464503	23402	23437
A23403G(S:D614G) C23423T(S:P621S) C23525T(S:H655Y)	69	110	0.6272727272727273	23353	23536
C21711T(S:S50L) T21737C(S:F59L) (21764,6)(S:DEL69/70) G21786T(S:G75V)	47	48	0.9791666666666666	21703	21790
C23423T(S:P621S) C23525T(S:H655Y)	41	109	0.3761467889908257	23411	23536
C23271T(S:A570V) C23423T(S:P621S) C23525T(S:H655Y)	37	38	0.9736842105263158	23258	23536
A22629C(S:K356T) C22674T(S:S371F) T22679C(S:S373P) C22686T(S:S375F) A22688G(S:T376A) G22770A(S:R403K) G22775A(S:D405N)	35	392	0.08928571428571429	22614	22785
A25359G(S:K1266R) G25455T(ORF3a:K21N)	24	203	0.11822660098522167	25330	25456
C22353A(S:A264D)	22	43	0.5116279069767442	22332	22423
C22674T(S:S371F) T22679C(S:S373P) C22686T(S:S375F) A22688G(S:T376A) T22746C(S:V395A) G22770A(S:R403K) G22775A(S:D405N)	22	410	0.05365853658536585	22661	22785
C22295A(S:H245N) C22353A(S:A264D)	20	21	0.9523809523809523	22279	22396
G24872T(S:V1104L)	19	19	1.0	24854	24901
T22882G(S:N440K) G22895C(S:V445H) T22896A(S:V445H) G22898A(S:G446S) A22910G(S:N450D) C22916T(S:L452W) T22917G(S:L452W) T22926C(S:L455S) T22928C(S:F456L) T22942A(S:N460K) G22992A(S:S477N) C22995A(S:T478K) T23005A(S:N481K) (23007,3)(S:DEL483) G23012A(S:E484K) T23018C(S:F486P) T23019C(S:F486P) C23039G(S:Q493E) A23055G(S:Q498R) A23063T(S:N501Y)	15	19	0.7894736842105263	22876	23070
G21987A(S:G142D) (21990,3)(S:DEL144) (22030,1)(S:DEL157) T22032C(S:F157S) C22033A(S:F157S) A22034G(S:R158G) (22034,'G')(S:INS159)	15	26	0.5769230769230769	21984	22070
G24872T(S:V1104L) C24990T(S:P1143L) C25000T(S:D1146D)	13	13	1.0	24854	25048
C23423T(S:P621S)	12	499	0.02404809619238477	23420	23437
G23222A(S:E554K)	11	25	0.44	23157	23223
