Covariants	Count	Max_count	Freq	Coverage_start	Coverage_end
G22317T(S:G252V)	750	1281	0.585480093676815	22292	22323
C22295A(S:H245N)	388	1286	0.30171073094867806	22293	22319
C21711T(S:S50L) (21764,6)(S:DEL69/70)	256	320	0.8	21709	21770
C23271T(S:A570V) C23277T(S:T572I) A23403G(S:D614G) C23423T(S:P621S)	240	270	0.8888888888888888	23258	23445
C23271T(S:A570V) C23277T(S:T572I)	168	466	0.3605150214592275	23258	23301
A22629C(S:K356T) C22674T(S:S371F) T22679C(S:S373P) C22686T(S:S375F) A22688G(S:T376A) G22770A(S:R403K) G22775A(S:D405N)	94	109	0.8623853211009175	22614	22785
A23403G(S:D614G) C23423T(S:P621S)	81	381	0.2125984251968504	23395	23445
G22309A(S:L249L) G22317T(S:G252V) C22323A	60	1280	0.046875	22232	22323
A24424T(S:Q954H) T24469A(S:N969K)	55	76	0.7236842105263158	24416	24473
A22629C(S:K356T) C22674T(S:S371F) T22679C(S:S373P) C22686T(S:S375F) A22688G(S:T376A)	51	161	0.3167701863354037	22614	22701
T22283C(S:L241L) C22295A(S:H245N)	26	1283	0.020265003897116135	22232	22323
C21711T(S:S50L) C21714G(S:T51S) (21764,6)(S:DEL69/70)	24	320	0.075	21703	21790
A23403G(S:D614G) C23423T(S:P621S) C23525T(S:H655Y)	24	27	0.8888888888888888	23353	23536
G21987A(S:G142D) (21990,3)(S:DEL144) (22030,1)(S:DEL157) T22032C(S:F157S) C22033A(S:F157S) A22034G(S:R158G) (22034,'G')(S:INS159)	22	47	0.46808510638297873	21984	22070
G21987A(S:G142D) (21990,3)(S:DEL144) T22032C(S:F157S) C22033A(S:F157S) A22034G(S:R158G)	22	47	0.46808510638297873	21984	22070
(22193,3)(S:DEL212) T22200G(S:V213G) C22208T(S:L216F)	22	31	0.7096774193548387	22164	22242
C24990T(S:P1143L) C25000T(S:D1146D)	22	30	0.7333333333333333	24953	25048
C21711T(S:S50L) T21740C(S:S60P) (21764,6)(S:DEL69/70)	21	320	0.065625	21706	21790
C23271T(S:A570V)	19	466	0.0407725321888412	23258	23294
C23525T(S:H655Y)	19	50	0.38	23471	23536
C22353A(S:A264D)	19	22	0.8636363636363636	22332	22423
A24424T(S:Q954H) T24438A(S:L959*) T24469A(S:N969K)	17	76	0.2236842105263158	24416	24510
C23271T(S:A570V) C23277T(S:T572I) A23403G(S:D614G)	14	270	0.05185185185185185	23258	23445
