Covariants	Count	Max_count	Freq	Coverage_start	Coverage_end
C21711T(S:S50L) (21764,6)(S:DEL69/70)	108	112	0.9642857142857143	21703	21790
C23271T(S:A570V) A23403G(S:D614G) C23423T(S:P621S)	103	107	0.9626168224299065	23258	23445
A24424T(S:Q954H) T24469A(S:N969K)	48	53	0.9056603773584906	24416	24510
C23854A(S:N764K)	40	41	0.975609756097561	23715	23886
G24872T(S:V1104L)	27	38	0.7105263157894737	24854	24920
C22295A(S:H245N)	25	51	0.49019607843137253	22232	22323
G23222A(S:E554K)	24	25	0.96	23157	23251
(22193,3)(S:DEL212) T22200G(S:V213G) C22208T(S:L216F) C22295A(S:H245N)	16	16	1.0	22164	22323
A23403G(S:D614G) C23423T(S:P621S)	15	147	0.10204081632653061	23389	23445
(22193,3)(S:DEL212) T22200G(S:V213G) C22208T(S:L216F)	15	31	0.4838709677419355	22164	22221
A23403G(S:D614G) C23423T(S:P621S) T23464C(S:R634R) C23525T(S:H655Y)	11	29	0.3793103448275862	23353	23536
