Covariants	Count	Max_count	Freq	Coverage_start	Coverage_end
C21711T(S:S50L) (21764,6)(S:DEL69/70)	639	667	0.9580209895052474	21703	21790
C22295A(S:H245N)	612	639	0.9577464788732394	22286	22302
C23525T(S:H655Y)	575	1077	0.5338904363974002	23506	23529
A25359G(S:K1266R)	415	1202	0.3452579034941764	25330	25383
A22629C(S:K356T) C22674T(S:S371F) T22679C(S:S373P) C22686T(S:S375F) A22688G(S:T376A) G22770A(S:R403K) G22775A(S:D405N)	284	302	0.9403973509933775	22614	22785
A23403G(S:D614G) C23423T(S:P621S) C23525T(S:H655Y)	225	270	0.8333333333333334	23353	23536
C23462T(S:R634C) C23525T(S:H655Y)	195	1068	0.18258426966292135	23436	23536
A22629C(S:K356T) C22674T(S:S371F) T22679C(S:S373P) C22686T(S:S375F) A22688G(S:T376A)	183	498	0.3674698795180723	22614	22701
G23222A(S:E554K)	160	164	0.975609756097561	23199	23251
G24728A(S:A1056T)	137	330	0.41515151515151516	24727	24777
G21987A(S:G142D) (21990,3)(S:DEL144) G22021T(S:M153I) T22032C(S:F157S) C22033A(S:F157S) A22034G(S:R158G)	53	84	0.6309523809523809	21984	22070
C22353A(S:A264D)	38	38	1.0	22332	22423
A24424T(S:Q954H) T24469A(S:N969K)	34	34	1.0	24416	24596
T22882G(S:N440K) G22895C(S:V445H) T22896A(S:V445H) G22898A(S:G446S) A22910G(S:N450D) C22916T(S:L452W) T22917G(S:L452W) T22926C(S:L455S) T22928C(S:F456L) T22942A(S:N460K) G22992A(S:S477N) C22995A(S:T478K) T23005A(S:N481K) (23007,3)(S:DEL483) G23012A(S:E484K) T23018C(S:F486P) T23019C(S:F486P) C23039G(S:Q493E) A23055G(S:Q498R) A23063T(S:N501Y)	34	51	0.6666666666666666	22876	23070
A23403G(S:D614G) C23423T(S:P621S)	29	277	0.10469314079422383	23353	23445
G21987A(S:G142D) (21990,3)(S:DEL144) G22021T(S:M153I) (22030,1)(S:DEL157) T22032C(S:F157S) C22033A(S:F157S) (22034,'G')(S:INS159) A22034G(S:R158G)	28	84	0.3333333333333333	21984	22070
C24990T(S:P1143L) C25000T(S:D1146D)	18	21	0.8571428571428571	24953	25142
T25356C(S:L1265P) A25359G(S:K1266R)	12	1202	0.009983361064891847	25330	25492
