Covariants	Count	Max_count	Freq	Coverage_start	Coverage_end
C23271T(S:A570V)	200	313	0.6389776357827476	23258	23293
C22295A(S:H245N)	152	182	0.8351648351648352	22287	22302
A23403G(S:D614G) C23423T(S:P621S)	113	266	0.424812030075188	23354	23445
A24424T(S:Q954H) T24469A(S:N969K)	95	95	1.0	24416	24510
G23222A(S:E554K)	88	93	0.946236559139785	23202	23224
C23271T(S:A570V) A23403G(S:D614G) C23423T(S:P621S)	84	90	0.9333333333333333	23258	23445
G24872T(S:V1104L)	76	78	0.9743589743589743	24854	24921
A22629C(S:K356T) C22674T(S:S371F) T22679C(S:S373P) C22686T(S:S375F) A22688G(S:T376A) G22770A(S:R403K) G22775A(S:D405N)	73	78	0.9358974358974359	22614	22785
C21711T(S:S50L) (21764,6)(S:DEL69/70)	68	69	0.9855072463768116	21703	21790
A23403G(S:D614G) C23423T(S:P621S) C23525T(S:H655Y)	47	57	0.8245614035087719	23354	23536
A22629C(S:K356T) C22674T(S:S371F) T22679C(S:S373P) C22686T(S:S375F) A22688G(S:T376A)	37	115	0.3217391304347826	22614	22701
G21987A(S:G142D) (21990,3)(S:DEL144) (22030,1)(S:DEL157) T22032C(S:F157S) C22033A(S:F157S) (22034,'G')(S:INS159) A22034G(S:R158G)	32	69	0.463768115942029	21984	22070
G21987A(S:G142D) (21990,3)(S:DEL144) T22032C(S:F157S) C22033A(S:F157S) A22034G(S:R158G)	32	69	0.463768115942029	21984	22070
C23525T(S:H655Y)	32	91	0.3516483516483517	23494	23536
C22353A(S:A264D)	26	31	0.8387096774193549	22352	22423
C24990T(S:P1143L) C25000T(S:D1146D)	21	25	0.84	24953	25048
C23854A(S:N764K)	21	24	0.875	23715	23886
(22193,3)(S:DEL212) T22200G(S:V213G) C22208T(S:L216F)	20	38	0.5263157894736842	22164	22242
A25359G(S:K1266R)	14	122	0.11475409836065574	25330	25492
(22193,3)(S:DEL212) T22200G(S:V213G) C22208T(S:L216F) C22295A(S:H245N)	14	17	0.8235294117647058	22164	22323
C23271T(S:A570V) (23352,2)(S:DEL598)	13	104	0.125	23258	23355
C25207T(S:Y1215Y)	13	27	0.48148148148148145	25141	25242
(25198,1)(S:DEL1213) C25207T(S:Y1215Y)	12	27	0.4444444444444444	25175	25210
T22882G(S:N440K) G22895C(S:V445H) T22896A(S:V445H) G22898A(S:G446S) A22910G(S:N450D) C22916T(S:L452W) T22917G(S:L452W) T22926C(S:L455S) T22928C(S:F456L) T22942A(S:N460K) G22992A(S:S477N) C22995A(S:T478K) T23005A(S:N481K) (23007,3)(S:DEL483) G23012A(S:E484K) T23018C(S:F486P) T23019C(S:F486P) C23039G(S:Q493E) A23055G(S:Q498R) A23063T(S:N501Y)	12	18	0.6666666666666666	22876	23070
