Covariants	Count	Max_count	Freq	Coverage_start	Coverage_end
C23271T(S:A570V) C23277T(S:T572I)	202	593	0.3406408094435076	23258	23353
C23271T(S:A570V)	179	593	0.30185497470489037	23258	23353
C23271T(S:A570V) A23403G(S:D614G) C23423T(S:P621S)	136	203	0.6699507389162561	23258	23445
A23403G(S:D614G) C23423T(S:P621S)	125	331	0.3776435045317221	23353	23445
C23271T(S:A570V) C23277T(S:T572I) A23403G(S:D614G) C23423T(S:P621S)	55	203	0.270935960591133	23258	23445
A22629C(S:K356T) C22674T(S:S371F) T22679C(S:S373P) C22686T(S:S375F) A22688G(S:T376A) G22770A(S:R403K) G22775A(S:D405N)	54	58	0.9310344827586207	22614	22785
G21987A(S:G142D) (21990,3)(S:DEL144) (22030,1)(S:DEL157) T22032C(S:F157S) C22033A(S:F157S) A22034G(S:R158G) (22034,'G')(S:INS159)	43	80	0.5375	21984	22070
C25207T(S:Y1215Y)	39	39	1.0	25141	25242
G21987A(S:G142D) (21990,3)(S:DEL144) T22032C(S:F157S) C22033A(S:F157S) A22034G(S:R158G)	36	80	0.45	21984	22070
C22295A(S:H245N)	32	48	0.6666666666666666	22232	22323
G24872T(S:V1104L)	20	20	1.0	24854	24946
(22193,3)(S:DEL212) T22200G(S:V213G) C22208T(S:L216F) C22295A(S:H245N)	15	15	1.0	22164	22323
A24424T(S:Q954H) T24469A(S:N969K)	13	25	0.52	24416	24510
A24424T(S:Q954H) T24469A(S:N969K) A24485T(S:S975C)	11	25	0.44	24416	24510
