Covariants	Count	Max_count	Freq	Coverage_start	Coverage_end
C21711T(S:S50L) (21764,6)(S:DEL69/70)	62	63	0.9841269841269841	21703	21790
C22295A(S:H245N)	58	75	0.7733333333333333	22232	22323
C23271T(S:A570V)	48	97	0.4948453608247423	23258	23353
A23403G(S:D614G) C23423T(S:P621S)	40	106	0.37735849056603776	23353	23445
C23271T(S:A570V) A23403G(S:D614G) C23423T(S:P621S)	37	43	0.8604651162790697	23258	23445
G24872T(S:V1104L)	34	43	0.7906976744186046	24854	24946
A22629C(S:K356T) C22674T(S:S371F) T22679C(S:S373P) C22686T(S:S375F) A22688G(S:T376A) G22770A(S:R403K) G22775A(S:D405N)	31	31	1.0	22614	22785
G23222A(S:E554K)	24	31	0.7741935483870968	23157	23251
A23403G(S:D614G) C23423T(S:P621S) C23525T(S:H655Y)	20	25	0.8	23393	23536
G21987A(S:G142D) (21990,3)(S:DEL144) T22032C(S:F157S) C22033A(S:F157S) A22034G(S:R158G)	18	37	0.4864864864864865	21984	22070
A24424T(S:Q954H) T24469A(S:N969K)	16	31	0.5161290322580645	24416	24510
C24990T(S:P1143L) C25000T(S:D1146D)	16	31	0.5161290322580645	24953	25048
C23525T(S:H655Y)	15	42	0.35714285714285715	23436	23536
G24872T(S:V1104L) C24990T(S:P1143L) C25000T(S:D1146D)	14	20	0.7	24854	25048
C24418T A24424T(S:Q954H) T24469A(S:N969K)	13	31	0.41935483870967744	24416	24510
T22882G(S:N440K) G22895C(S:V445H) T22896A(S:V445H) G22898A(S:G446S) A22910G(S:N450D) C22916T(S:L452W) T22917G(S:L452W) T22926C(S:L455S) T22928C(S:F456L) T22942A(S:N460K) G22992A(S:S477N) C22995A(S:T478K) T23005A(S:N481K) (23007,3)(S:DEL483) G23012A(S:E484K) T23018C(S:F486P) T23019C(S:F486P) A23055G(S:Q498R) A23063T(S:N501Y)	13	14	0.9285714285714286	22876	23070
G21987A(S:G142D) (21990,3)(S:DEL144) (22030,1)(S:DEL157) T22032C(S:F157S) C22033A(S:F157S) (22034,'G')(S:INS159) A22034G(S:R158G)	12	37	0.32432432432432434	21984	22070
A22629C(S:K356T) C22674T(S:S371F) T22679C(S:S373P) C22686T(S:S375F) A22688G(S:T376A)	12	44	0.2727272727272727	22614	22701
C25207T(S:Y1215Y)	11	11	1.0	25141	25242
