Covariants	Count	Max_count	Freq	Coverage_start	Coverage_end
A23403G(S:D614G) C23423T(S:P621S) C23525T(S:H655Y)	2051	2144	0.9566231343283582	23395	23536
C22295A(S:H245N)	838	927	0.9039913700107874	22279	22302
A22629C(S:K356T) C22674T(S:S371F) T22679C(S:S373P) C22686T(S:S375F) A22688G(S:T376A) G22770A(S:R403K) G22775A(S:D405N)	429	454	0.9449339207048458	22614	22785
C21711T(S:S50L) (21764,6)(S:DEL69/70)	421	428	0.9836448598130841	21703	21790
A24424T(S:Q954H) T24469A(S:N969K)	388	391	0.9923273657289002	24416	24496
C24990T(S:P1143L) C25000T(S:D1146D)	237	258	0.9186046511627907	24981	25010
A23403G(S:D614G) C23423T(S:P621S)	179	2408	0.07433554817275748	23391	23423
C23271T(S:A570V) A23403G(S:D614G) C23423T(S:P621S)	74	79	0.9367088607594937	23258	23445
C23854A(S:N764K)	65	65	1.0	23715	23886
C23525T(S:H655Y)	59	2207	0.026733121884911646	23505	23536
G24872T(S:V1104L)	58	78	0.7435897435897436	24854	24946
(22193,3)(S:DEL212) T22200G(S:V213G) C22208T(S:L216F)	58	117	0.49572649572649574	22164	22242
(22193,3)(S:DEL212) T22200G(S:V213G) C22208T(S:L216F) C22295A(S:H245N)	57	57	1.0	22164	22323
G23222A(S:E554K)	34	40	0.85	23157	23251
C24378T(S:S939F)	27	27	1.0	24316	24408
C22674T(S:S371F) T22679C(S:S373P) C22686T(S:S375F) A22688G(S:T376A) G22770A(S:R403K) G22775A(S:D405N)	25	473	0.052854122621564484	22658	22785
A22629C(S:K356T) C22674T(S:S371F) T22679C(S:S373P) C22686T(S:S375F) A22688G(S:T376A)	25	479	0.05219206680584551	22614	22701
C23423T(S:P621S) C23525T(S:H655Y)	24	2159	0.0111162575266327	23420	23536
A24780G(S:K1073R) A24819G(S:K1086R) G24872T(S:V1104L)	23	32	0.71875	24765	24946
G21987A(S:G142D) (21990,3)(S:DEL144) (22030,1)(S:DEL157) T22032C(S:F157S) C22033A(S:F157S) (22034,'G')(S:INS159) A22034G(S:R158G)	20	45	0.4444444444444444	21984	22070
G24872T(S:V1104L) C24990T(S:P1143L) C25000T(S:D1146D)	20	20	1.0	24854	25048
C22295A(S:H245N) C22353A(S:A264D)	17	18	0.9444444444444444	22232	22423
C23271T(S:A570V)	16	103	0.1553398058252427	23258	23353
A23368G(S:T602T) A23403G(S:D614G) C23423T(S:P621S) C23525T(S:H655Y)	12	2111	0.005684509711037423	23353	23536
G21987A(S:G142D) (21990,3)(S:DEL144) C22000A(S:H146Q) T22032C(S:F157S) C22033A(S:F157S) A22034G(S:R158G)	12	45	0.26666666666666666	21984	22070
