Covariants	Count	Max_count	Freq	Coverage_start	Coverage_end
C23271T(S:A570V) A23403G(S:D614G) C23423T(S:P621S)	604.0	698.0	0.8653295128939829	23258.0	23445.0
A23403G(S:D614G) C23423T(S:P621S)	170.0	874.0	0.1945080091533181	23400.0	23445.0
C21711T(S:S50L) C21742A(S:S60S) (21764,6)(S:DEL69/70)	128.0	150.0	0.8533333333333334	21703.0	21790.0
A22629C(S:K356T) C22674T(S:S371F) T22679C(S:S373P) C22686T(S:S375F) A22688G(S:T376A) G22770A(S:R403K) G22775A(S:D405N)	113.0	249.0	0.4538152610441767	22614.0	22785.0
A22629C(S:K356T) C22674T(S:S371F) T22679C(S:S373P) C22686T(S:S375F) A22688G(S:T376A) T22690C(S:T376A) G22770A(S:R403K) G22775A(S:D405N)	108.0	249.0	0.43373493975903615	22614.0	22785.0
C23271T(S:A570V)	56.0	754.0	0.07427055702917772	23258.0	23308.0
G21987A(S:G142D) (21990,3)(S:DEL144) T22032C(S:F157S) C22033A(S:F157S) A22034G(S:R158G)	40.0	83.0	0.4819277108433735	21984.0	22070.0
G23222A(S:E554K)	40.0	44.0	0.9090909090909091	23157.0	23251.0
G21987A(S:G142D) (21990,3)(S:DEL144) (22030,1)(S:DEL157) T22032C(S:F157S) C22033A(S:F157S) A22034G(S:R158G) (22034,'G')(S:INS159)	36.0	83.0	0.43373493975903615	21984.0	22070.0
A22629C(S:K356T) C22674T(S:S371F) T22679C(S:S373P) C22686T(S:S375F) A22688G(S:T376A)	27.0	281.0	0.09608540925266904	22614.0	22701.0
C23271T(S:A570V) A23403G(S:D614G)	26.0	698.0	0.03724928366762178	23258.0	23445.0
C23271T(S:A570V) G23401A(S:Q613Q) A23403G(S:D614G) C23423T(S:P621S)	18.0	698.0	0.025787965616045846	23258.0	23445.0
C23271T(S:A570V) C23423T(S:P621S)	16.0	698.0	0.022922636103151862	23258.0	23445.0
