Covariants	Count	Max_count	Freq	Coverage_start	Coverage_end
C21711T(S:S50L) (21764,6)(S:DEL69/70)	568	595	0.9546218487394958	21703	21790
G23222A(S:E554K)	135	135	1.0	23175	23224
C22295A(S:H245N) C22323T	90	105	0.8571428571428571	22273	22323
G21987A(S:G142D) (21990,3)(S:DEL144) (22030,1)(S:DEL157) T22032C(S:F157S) C22033A(S:F157S) (22034,'G')(S:INS159) A22034G(S:R158G)	54	106	0.5094339622641509	21984	22070
G21987A(S:G142D) (21990,3)(S:DEL144) T22032C(S:F157S) C22033A(S:F157S) A22034G(S:R158G)	47	106	0.44339622641509435	21984	22042
G24872T(S:V1104L)	29	30	0.9666666666666667	24854	24918
(21764,6)(S:DEL69/70)	24	623	0.038523274478330656	21755	21789
A24424T(S:Q954H) T24469A(S:N969K)	19	20	0.95	24416	24510
G24872T(S:V1104L) C24990T(S:P1143L) C25000T(S:D1146D)	18	19	0.9473684210526315	24854	25022
G23948T(S:D796Y)	17	17	1.0	23935	23974
C21711T(S:S50L)	14	606	0.0231023102310231	21703	21743
A22629C(S:K356T) C22674T(S:S371F) T22679C(S:S373P) C22686T(S:S375F) A22688G(S:T376A) G22770A(S:R403K) G22775A(S:D405N)	12	13	0.9230769230769231	22614	22785
A22629C(S:K356T) C22674T(S:S371F) T22679C(S:S373P) C22686T(S:S375F) A22688G(S:T376A)	10	24	0.4166666666666667	22614	22701
(22193,3)(S:DEL212) T22200G(S:V213G) C22208T(S:L216F) C22295A(S:H245N) C22323T	10	11	0.9090909090909091	22164	22323
C23271T(S:A570V)	10	10	1.0	23258	23353
