Covariants	Count	Max_count	Freq	Coverage_start	Coverage_end
C21711T(S:S50L) (21764,6)(S:DEL69/70)	523	551	0.9491833030852994	21703	21779
A22629C(S:K356T) C22674T(S:S371F) T22679C(S:S373P) C22686T(S:S375F) A22688G(S:T376A) G22770A(S:R403K) G22775A(S:D405N)	147	154	0.9545454545454546	22614	22785
C22295A(S:H245N)	109	195	0.558974358974359	22279	22302
C23271T(S:A570V)	68	73	0.9315068493150684	23258	23353
C22353A(S:A264D)	51	98	0.5204081632653061	22352	22423
C25350T(S:P1263L)	49	76	0.6447368421052632	25330	25416
A24424T(S:Q954H) T24469A(S:N969K)	48	48	1.0	24416	24507
C22295A(S:H245N) C22353A(S:A264D)	43	48	0.8958333333333334	22238	22357
(22194,3)(S:DEL212) T22200G(S:V213G) C22208T(S:L216F)	38	87	0.4367816091954023	22186	22242
(22193,3)(S:DEL212) T22200G(S:V213G) C22208T(S:L216F) C22295A(S:H245N)	30	35	0.8571428571428571	22164	22323
G21987A(S:G142D) (21990,3)(S:DEL144) T22032C(S:F157S) C22033A(S:F157S) A22034G(S:R158G)	27	55	0.4909090909090909	21984	22055
C25355G(S:L1265V)	26	76	0.34210526315789475	25330	25416
T22882G(S:N440K) G22895C(S:V445H) T22896A(S:V445H) G22898A(S:G446S) A22910G(S:N450D) C22916T(S:L452W) T22917G(S:L452W) T22926C(S:L455S) T22928C(S:F456L) T22942A(S:N460K) G22992A(S:S477N) C22995A(S:T478K) T23005A(S:N481K) (23007,3)(S:DEL483) G23012A(S:E484K) T23018C(S:F486P) T23019C(S:F486P) C23039G(S:Q493E) A23055G(S:Q498R) A23063T(S:N501Y)	24	25	0.96	22876	23070
C24990T(S:P1143L) C25000T(S:D1146D)	19	43	0.4418604651162791	24953	25048
C24990T(S:P1143L) C25000T(S:D1146D) A25087G(S:S1175S)	18	25	0.72	24953	25142
A23403G(S:D614G) C23423T(S:P621S)	18	23	0.782608695652174	23392	23445
G21987A(S:G142D) (21990,3)(S:DEL144) (22030,1)(S:DEL157) T22032C(S:F157S) C22033A(S:F157S) A22034G(S:R158G) (22034,'G')(S:INS159)	17	55	0.3090909090909091	21984	22070
(21764,6)(S:DEL69/70)	15	568	0.02640845070422535	21748	21790
(22193,3)(S:DEL212) T22200G(S:V213G) C22208T(S:L216F)	13	87	0.14942528735632185	22164	22242
(25083,1)(S:DEL1175) C25207T(S:Y1215Y)	13	13	1.0	25055	25242
A23403G(S:D614G) C23423T(S:P621S) C23525T(S:H655Y) T23599G(S:N679K) C23604G(S:P681R)	12	13	0.9230769230769231	23353	23636
G22621A(S:W353*) C22664A(S:L368I) C22674T(S:S371F) T22679C(S:S373P) C22686T(S:S375F) A22688G(S:T376A)	11	173	0.06358381502890173	22614	22701
