Covariants	Count	Max_count	Freq	Coverage_start	Coverage_end
C22295A(S:H245N)	35	42	0.8333333333333334	22285	22302
C25207T(S:Y1215Y)	34	34	1.0	25141	25210
A24424T(S:Q954H) T24469A(S:N969K)	32	32	1.0	24416	24510
A23403G(S:D614G) C23423T(S:P621S)	26	53	0.49056603773584906	23353	23445
G24872T(S:V1104L)	22	44	0.5	24854	24946
A22629C(S:K356T) C22674T(S:S371F) T22679C(S:S373P) C22686T(S:S375F) A22688G(S:T376A) G22770A(S:R403K) G22775A(S:D405N)	18	21	0.8571428571428571	22614	22785
C23525T(S:H655Y)	17	40	0.425	23436	23536
C24990T(S:P1143L) C25000T(S:D1146D)	16	24	0.6666666666666666	24977	25048
C25378T(S:Y1272Y)	15	53	0.2830188679245283	25330	25416
C23271T(S:A570V) C23277T(S:T572I)	14	39	0.358974358974359	23258	23353
T22882G(S:N440K) G22895C(S:V445H) T22896A(S:V445H) G22898A(S:G446S) A22910G(S:N450D) C22916T(S:L452W) T22917G(S:L452W) T22926C(S:L455S) T22928C(S:F456L) T22942A(S:N460K) G22992A(S:S477N) C22995A(S:T478K) T23005A(S:N481K) (23007,3)(S:DEL483) G23012A(S:E484K) T23018C(S:F486P) T23019C(S:F486P) A23055G(S:Q498R) A23063T(S:N501Y)	14	16	0.875	22876	23070
A23403G(S:D614G) C23423T(S:P621S) C23525T(S:H655Y)	12	18	0.6666666666666666	23389	23536
C21711T(S:S50L) T21740C(S:S60P) (21764,6)(S:DEL69/70)	10	21	0.47619047619047616	21703	21790
C21711T(S:S50L) (21764,6)(S:DEL69/70)	10	21	0.47619047619047616	21703	21790
G23222A(S:E554K)	10	13	0.7692307692307693	23157	23251
