Covariants	Count	Max_count	Freq	Coverage_start	Coverage_end
(22193,3)(S:DEL212) T22200G(S:V213G) C22208T(S:L216F)	86	110	0.7818181818181819	22164	22242
C23525T(S:H655Y)	43	101	0.42574257425742573	23490	23536
A22629C(S:K356T) C22674T(S:S371F) T22679C(S:S373P) C22686T(S:S375F) A22688G(S:T376A)	36	98	0.3673469387755102	22614	22700
C21711T(S:S50L) (21764,6)(S:DEL69/70)	34	91	0.37362637362637363	21703	21790
C22295A(S:H245N)	26	58	0.4482758620689655	22232	22323
A23403G(S:D614G) C23423T(S:P621S)	21	83	0.25301204819277107	23392	23434
C21711T(S:S50L) T21733C(S:P57P) (21764,6)(S:DEL69/70)	18	91	0.1978021978021978	21703	21790
A22629C(S:K356T) C22674T(S:S371F) T22679C(S:S373P) C22686T(S:S375F) A22688G(S:T376A) G22770A(S:R403K) G22775A(S:D405N)	16	56	0.2857142857142857	22614	22785
T22200G(S:V213G) C22208T(S:L216F) C22295A(S:H245N)	14	17	0.8235294117647058	22073	22323
T24754C(S:H1064H)	12	20	0.6	24678	24777
C21711T(S:S50L) G21718T(S:Q52H) (21764,6)(S:DEL69/70)	11	91	0.12087912087912088	21703	21790
C21711T(S:S50L) (21764,6)(S:DEL69/70) T21837C(S:F92S)	10	72	0.1388888888888889	21703	21890
