Covariants	Count	Max_count	Freq	Coverage_start	Coverage_end
C21711T(S:S50L) (21764,6)(S:DEL69/70)	1818	1921	0.9463820926600729	21703	21773
C22295A(S:H245N)	525	584	0.898972602739726	22261	22323
G23222A(S:E554K)	372	382	0.9738219895287958	23200	23251
C23271T(S:A570V) C23277T(S:T572I) A23403G(S:D614G) C23423T(S:P621S)	199	332	0.5993975903614458	23258	23445
A22629C(S:K356T) C22674T(S:S371F) T22679C(S:S373P) C22686T(S:S375F) A22688G(S:T376A)	199	238	0.8361344537815126	22614	22701
A23403G(S:D614G) C23423T(S:P621S) C23525T(S:H655Y)	156	183	0.8524590163934426	23353	23536
A24424T(S:Q954H) T24469A(S:N969K)	127	132	0.9621212121212122	24416	24476
C23271T(S:A570V) A23403G(S:D614G) C23423T(S:P621S)	120	332	0.3614457831325301	23258	23445
G21987A(S:G142D) (21990,3)(S:DEL144) (22030,1)(S:DEL157) T22032C(S:F157S) C22033A(S:F157S) A22034G(S:R158G) (22034,'G')(S:INS159)	81	178	0.4550561797752809	21984	22070
(25472,1)(ORF3a:DEL28)	78	352	0.2215909090909091	25330	25492
A23403G(S:D614G) C23423T(S:P621S)	77	582	0.1323024054982818	23402	23445
C23271T(S:A570V) C23277T(S:T572I)	75	415	0.18072289156626506	23258	23353
G21987A(S:G142D) (21990,3)(S:DEL144) T22032C(S:F157S) C22033A(S:F157S) A22034G(S:R158G)	59	178	0.33146067415730335	21984	22042
(22193,3)(S:DEL212) T22200G(S:V213G) C22208T(S:L216F)	33	69	0.4782608695652174	22164	22237
(22193,3)(S:DEL212) T22200G(S:V213G) C22208T(S:L216F) C22295A(S:H245N)	32	36	0.8888888888888888	22164	22323
A22629C(S:K356T) C22674T(S:S371F) T22679C(S:S373P) C22686T(S:S375F) A22688G(S:T376A) G22770A(S:R403K) G22775A(S:D405N)	28	28	1.0	22614	22785
T23633C(S:S691P)	26	126	0.20634920634920634	23624	23723
C21711T(S:S50L)	25	1922	0.013007284079084287	21703	21738
G21987A(S:G142D) (21990,3)(S:DEL144) T22032C(S:F157S) C22033A(S:F157S) A22034G(S:R158G) G22051A(S:A163A)	19	177	0.10734463276836158	21984	22070
C24990T(S:P1143L) C25000T(S:D1146D) C25006T(S:F1148F)	17	30	0.5666666666666667	24953	25048
C22295A(S:H245N) C22353A(S:A264D)	14	15	0.9333333333333333	22232	22423
(24684,1)(S:DEL1042)	14	238	0.058823529411764705	24599	24691
G24821T(S:A1087S)	11	43	0.2558139534883721	24765	24851
C23525T(S:H655Y)	11	202	0.054455445544554455	23500	23536
(21764,6)(S:DEL69/70)	11	1922	0.005723204994797087	21713	21770
A23403G(S:D614G) C23423T(S:P621S) C23525T(S:H655Y) T23599G(S:N679K) C23604G(S:P681R) T23633C(S:S691P)	10	17	0.5882352941176471	23353	23636
