Covariants	Count	Max_count	Freq	Coverage_start	Coverage_end
A24424T(S:Q954H) T24469A(S:N969K)	59.0	60.0	0.9833333333333333	24416.0	24510.0
C21711T(S:S50L) (21764,6)(S:DEL69/70)	24.0	24.0	1.0	21703.0	21790.0
G25297T(S:K1245N)	16.0	67.0	0.23880597014925373	25291.0	25301.0
