Covariants	Count	Max_count	Freq	Coverage_start	Coverage_end
C23271T(S:A570V) A23403G(S:D614G) C23423T(S:P621S)	16.0	18.0	0.8888888888888888	23258.0	23445.0
A23403G(S:D614G) C23423T(S:P621S) C23525T(S:H655Y)	13.0	14.0	0.9285714285714286	23399.0	23536.0
A24424T(S:Q954H) T24469A(S:N969K)	12.0	13.0	0.9230769230769231	24416.0	24484.0
