Covariants	Count	Max_count	Freq	Coverage_start	Coverage_end
C21711T(S:S50L) (21764,6)(S:DEL69/70)	1274	1294	0.9845440494590417	21703	21790
C22295A(S:H245N)	259	275	0.9418181818181818	22279	22302
G23222A(S:E554K)	186	197	0.9441624365482234	23157	23229
A22629C(S:K356T) C22674T(S:S371F) T22679C(S:S373P) C22686T(S:S375F) A22688G(S:T376A) G22770A(S:R403K) G22775A(S:D405N)	174	181	0.9613259668508287	22614	22785
A24424T(S:Q954H) T24469A(S:N969K)	164	173	0.9479768786127167	24416	24510
G24872T(S:V1104L)	80	103	0.7766990291262136	24854	24946
A23403G(S:D614G) C23423T(S:P621S)	75	95	0.7894736842105263	23353	23445
T22882G(S:N440K) G22895C(S:V445H) T22896A(S:V445H) G22898A(S:G446S) A22910G(S:N450D) C22916T(S:L452W) T22917G(S:L452W) T22926C(S:L455S) T22928C(S:F456L) T22942A(S:N460K) G22992A(S:S477N) C22995A(S:T478K) T23005A(S:N481K) (23007,3)(S:DEL483) G23012A(S:E484K) T23018C(S:F486P) T23019C(S:F486P) A23055G(S:Q498R) A23063T(S:N501Y)	75	80	0.9375	22876	23070
G25297T(S:K1245N)	47	176	0.26704545454545453	25244	25331
C22353A(S:A264D)	46	57	0.8070175438596491	22332	22423
A22629C(S:K356T) C22674T(S:S371F) T22679C(S:S373P) C22686T(S:S375F) A22688G(S:T376A)	28	212	0.1320754716981132	22614	22701
(25283,1)(S:DEL1242)	26	176	0.14772727272727273	25244	25331
C24990T(S:P1143L) C25000T(S:D1146D)	26	27	0.9629629629629629	24953	25048
C23271T(S:A570V) A23403G(S:D614G) C23423T(S:P621S)	18	19	0.9473684210526315	23258	23445
G24728A(S:A1056T) G24821T(S:A1087S)	16	24	0.6666666666666666	24725	24851
C22295A(S:H245N) C22353A(S:A264D)	10	11	0.9090909090909091	22281	22423
