Covariants	Count	Max_count	Freq	Coverage_start	Coverage_end
C23271T(S:A570V)	257	426	0.6032863849765259	23258	23302
T22882G(S:N440K) G22895C(S:V445H) T22896A(S:V445H) G22898A(S:G446S) A22910G(S:N450D) C22916T(S:L452W) T22917G(S:L452W) T22926C(S:L455S) T22928C(S:F456L) T22942A(S:N460K) G22992A(S:S477N) C22995A(S:T478K) T23005A(S:N481K) (23007,3)(S:DEL483) G23012A(S:E484K) T23018C(S:F486P) T23019C(S:F486P) A23055G(S:Q498R) A23063T(S:N501Y)	217	221	0.9819004524886877	22876	23070
C22295A(S:H245N)	208	248	0.8387096774193549	22279	22323
C21711T(S:S50L) (21764,6)(S:DEL69/70)	186	201	0.9253731343283582	21703	21790
C23271T(S:A570V) A23403G(S:D614G) C23423T(S:P621S)	146	153	0.954248366013072	23258	23445
A23403G(S:D614G) C23423T(S:P621S) C23525T(S:H655Y)	105	137	0.7664233576642335	23353	23536
A22629C(S:K356T) C22674T(S:S371F) T22679C(S:S373P) C22686T(S:S375F) A22688G(S:T376A)	91	103	0.883495145631068	22614	22701
A23403G(S:D614G) C23423T(S:P621S)	87	378	0.23015873015873015	23353	23428
C24990T(S:P1143L) C25000T(S:D1146D)	80	85	0.9411764705882353	24953	25018
A24424T(S:Q954H) T24469A(S:N969K)	72	77	0.935064935064935	24416	24510
G24872T(S:V1104L)	67	79	0.8481012658227848	24854	24946
G23222A(S:E554K)	53	62	0.8548387096774194	23157	23229
G21987A(S:G142D) (21990,3)(S:DEL144) (22030,1)(S:DEL157) T22032C(S:F157S) C22033A(S:F157S) (22034,'G')(S:INS159) A22034G(S:R158G)	50	89	0.5617977528089888	21984	22070
C23854A(S:N764K)	38	45	0.8444444444444444	23763	23886
G21987A(S:G142D) (21990,3)(S:DEL144) T22032C(S:F157S) C22033A(S:F157S) A22034G(S:R158G)	38	89	0.42696629213483145	21984	22070
A21865T(S:I101I)	30	77	0.38961038961038963	21792	21890
C25207T(S:Y1215Y)	29	30	0.9666666666666667	25141	25242
(22193,3)(S:DEL212) T22200G(S:V213G) C22208T(S:L216F) C22295A(S:H245N)	26	35	0.7428571428571429	22164	22323
A23403G(S:D614G) C23423T(S:P621S) T23488A(S:V642V) C23525T(S:H655Y)	25	137	0.18248175182481752	23353	23536
C23525T(S:H655Y)	12	152	0.07894736842105263	23491	23536
C22341T(S:A260V) C22353A(S:A264D)	10	17	0.5882352941176471	22332	22423
