Covariants	Count	Max_count	Freq	Coverage_start	Coverage_end
C23271T(S:A570V) A23403G(S:D614G) G23412A(S:C617Y) C23423T(S:P621S)	667	696	0.9583333333333334	23258	23437
A23403G(S:D614G) C23423T(S:P621S) C23525T(S:H655Y)	444	461	0.9631236442516269	23392	23536
G24872T(S:V1104L)	387	462	0.8376623376623377	24854	24903
T22882G(S:N440K) G22895C(S:V445H) T22896A(S:V445H) G22898A(S:G446S) A22910G(S:N450D) C22916T(S:L452W) T22917G(S:L452W) T22926C(S:L455S) T22928C(S:F456L) T22942A(S:N460K) G22992A(S:S477N) C22995A(S:T478K) T23005A(S:N481K) (23007,3)(S:DEL483) G23012A(S:E484K) T23018C(S:F486P) T23019C(S:F486P) A23055G(S:Q498R) A23063T(S:N501Y)	298	310	0.9612903225806452	22876	23070
C22295A(S:H245N)	278	463	0.6004319654427646	22279	22323
C21711T(S:S50L) (21764,6)(S:DEL69/70)	257	266	0.9661654135338346	21703	21790
C24990T(S:P1143L) C25000T(S:D1146D)	237	638	0.3714733542319749	24953	25011
G24872T(S:V1104L) C24990T(S:P1143L) C25000T(S:D1146D) C25006T(S:F1148F)	195	422	0.46208530805687204	24854	25008
G24872T(S:V1104L) C24990T(S:P1143L) C25000T(S:D1146D)	165	422	0.3909952606635071	24854	25009
(22193,3)(S:DEL212) T22200G(S:V213G) C22208T(S:L216F) C22295A(S:H245N)	157	162	0.9691358024691358	22164	22323
C23525T(S:H655Y)	84	579	0.14507772020725387	23497	23536
C23271T(S:A570V)	75	823	0.0911300121506683	23258	23313
C22353A(S:A264D)	63	82	0.7682926829268293	22332	22423
(22193,3)(S:DEL212) T22200G(S:V213G) C22208T(S:L216F)	56	219	0.2557077625570776	22164	22242
C23854A(S:N764K)	53	55	0.9636363636363636	23715	23886
C23271T(S:A570V) C23277T(S:T572I)	48	823	0.0583232077764277	23258	23353
A24424T(S:Q954H) T24469A(S:N969K)	40	42	0.9523809523809523	24416	24502
A23403G(S:D614G) C23423T(S:P621S)	40	1215	0.03292181069958848	23393	23441
G21987A(S:G142D) (21990,3)(S:DEL144) (22030,1)(S:DEL157) T22032C(S:F157S) C22033A(S:F157S) (22034,'G')(S:INS159) A22034G(S:R158G)	32	59	0.5423728813559322	21984	22070
C24990T(S:P1143L) C25000T(S:D1146D) C25006T(S:F1148F)	29	638	0.045454545454545456	24979	25048
G21987A(S:G142D) (21990,3)(S:DEL144) T22032C(S:F157S) C22033A(S:F157S) A22034G(S:R158G)	25	59	0.423728813559322	21984	22070
C23525T(S:H655Y) C23604G(S:P681R)	20	35	0.5714285714285714	23436	23723
A25359G(S:K1266R)	19	1373	0.013838310269482883	25330	25416
C22295A(S:H245N) C22353A(S:A264D)	19	19	1.0	22290	22423
A23403G(S:D614G) G23412A(S:C617Y) C23423T(S:P621S)	12	1215	0.009876543209876543	23353	23445
