Covariants	Count	Max_count	Freq	Coverage_start	Coverage_end
G24872T(S:V1104L)	892	915	0.9748633879781421	24854	24888
C23271T(S:A570V)	882	956	0.9225941422594143	23259	23302
A23403G(S:D614G) C23423T(S:P621S)	597	663	0.9004524886877828	23402	23437
A24424T(S:Q954H) T24469A(S:N969K)	313	327	0.9571865443425076	24416	24510
C23854A(S:N764K)	242	252	0.9603174603174603	23841	23881
C21711T(S:S50L) (21764,6)(S:DEL69/70)	215	223	0.9641255605381166	21703	21788
C22295A(S:H245N)	215	370	0.581081081081081	22279	22300
C24990T(S:P1143L) C25000T(S:D1146D)	179	225	0.7955555555555556	24986	25015
(22193,3)(S:DEL212) T22200G(S:V213G) C22208T(S:L216F)	143	287	0.49825783972125437	22164	22218
(22193,3)(S:DEL212) T22200G(S:V213G) C22208T(S:L216F) C22295A(S:H245N)	131	137	0.9562043795620438	22164	22297
G21987A(S:G142D) (21990,3)(S:DEL144) C22000A(S:H146Q) T22032C(S:F157S) C22033A(S:F157S) A22034G(S:R158G)	93	150	0.62	21984	22042
A22629C(S:K356T) C22674T(S:S371F) T22679C(S:S373P) C22686T(S:S375F) A22688G(S:T376A)	69	81	0.8518518518518519	22614	22701
G23222A(S:E554K)	47	80	0.5875	23157	23229
G21987A(S:G142D) (21990,3)(S:DEL144) C22000A(S:H146Q) (22030,1)(S:DEL157) T22032C(S:F157S) C22033A(S:F157S) A22034G(S:R158G) (22034,'G')(S:INS159)	46	150	0.30666666666666664	21984	22070
G23222A(S:E554K) C23271T(S:A570V)	26	31	0.8387096774193549	23157	23353
C23271T(S:A570V) A23403G(S:D614G) C23423T(S:P621S)	18	22	0.8181818181818182	23258	23445
G24872T(S:V1104L) C24990T(S:P1143L) C25000T(S:D1146D)	15	16	0.9375	24854	25048
T24469A(S:N969K)	15	342	0.043859649122807015	24460	24510
G23948T(S:D796Y)	14	14	1.0	23885	23957
C23423T(S:P621S)	13	668	0.019461077844311378	23408	23437
A23403G(S:D614G) C23423T(S:P621S) C23525T(S:H655Y)	13	18	0.7222222222222222	23398	23536
(21764,6)(S:DEL69/70)	10	233	0.04291845493562232	21741	21790
C24378T(S:S939F)	10	13	0.7692307692307693	24316	24408
