Covariants	Count	Max_count	Freq	Coverage_start	Coverage_end
C22295A(S:H245N)	210.0	220.0	0.9545454545454546	22292.0	22323.0
C21711T(S:S50L) (21764,6)(S:DEL69/70)	159.0	173.0	0.9190751445086706	21703.0	21790.0
G23222A(S:E554K)	81.0	104.0	0.7788461538461539	23157.0	23251.0
A25439G(ORF3a:K16R)	64.0	132.0	0.48484848484848486	25368.0	25455.0
A24424T(S:Q954H) T24469A(S:N969K)	56.0	61.0	0.9180327868852459	24416.0	24510.0
A23403G(S:D614G) C23423T(S:P621S) C23525T(S:H655Y)	29.0	37.0	0.7837837837837838	23353.0	23536.0
C23525T(S:H655Y)	24.0	66.0	0.36363636363636365	23436.0	23536.0
G24770A(S:A1070T)	20.0	71.0	0.28169014084507044	24702.0	24777.0
T24976C(S:Y1138Y) C24990T(S:P1143L) C25000T(S:D1146D)	20.0	33.0	0.6060606060606061	24953.0	25142.0
G24697A(S:K1045K)	14.0	68.0	0.20588235294117646	24678.0	24777.0
C23271T(S:A570V)	14.0	33.0	0.42424242424242425	23258.0	23307.0
A23403G(S:D614G) C23423T(S:P621S)	13.0	54.0	0.24074074074074073	23353.0	23445.0
G23222A(S:E554K) C23271T(S:A570V)	10.0	17.0	0.5882352941176471	23157.0	23353.0
C25207T(S:Y1215Y)	10.0	10.0	1.0	25141.0	25242.0
