Covariants	Count	Max_count	Freq	Coverage_start	Coverage_end
C23271T(S:A570V)	95.0	103.0	0.9223300970873787	23258.0	23320.0
G23222A(S:E554K)	67.0	69.0	0.9710144927536232	23211.0	23229.0
G24872T(S:V1104L)	33.0	34.0	0.9705882352941176	24854.0	24921.0
A23403G(S:D614G) C23423T(S:P621S)	15.0	15.0	1.0	23353.0	23445.0
C21711T(S:S50L) (21764,6)(S:DEL69/70) C21859T(S:N99N)	10.0	11.0	0.9090909090909091	21703.0	21890.0
