Covariants	Count	Max_count	Freq	Coverage_start	Coverage_end
G24872T(S:V1104L)	248.0	373.0	0.6648793565683646	24854.0	24885.0
C24990T(S:P1143L) C25000T(S:D1146D)	146.0	218.0	0.6697247706422018	24989.0	25001.0
C25207T(S:Y1215Y)	145.0	156.0	0.9294871794871795	25175.0	25210.0
A24819G(S:K1086R) G24872T(S:V1104L)	109.0	120.0	0.9083333333333333	24807.0	24913.0
G24872T(S:V1104L) C24990T(S:P1143L) C25000T(S:D1146D)	66.0	69.0	0.9565217391304348	24854.0	25018.0
A24424T(S:Q954H) T24469A(S:N969K)	12.0	12.0	1.0	24416.0	24510.0
