Covariants	Count	Max_count	Freq	Coverage_start	Coverage_end
C22295A(S:H245N)	545.0	551.0	0.9891107078039928	22290.0	22302.0
C21711T(S:S50L) (21764,6)(S:DEL69/70)	216.0	235.0	0.9191489361702128	21703.0	21790.0
T22882G(S:N440K) G22895C(S:V445H) T22896A(S:V445H) G22898A(S:G446S) A22910G(S:N450D) C22916T(S:L452W) T22917G(S:L452W) T22926C(S:L455S) T22928C(S:F456L) T22942A(S:N460K) G22992A(S:S477N) C22995A(S:T478K) T23005A(S:N481K) (23007,3)(S:DEL483) G23012A(S:E484K) T23018C(S:F486P) T23019C(S:F486P) A23055G(S:Q498R) A23063T(S:N501Y)	21.0	32.0	0.65625	22876.0	23070.0
G21987A(S:G142D) (21990,3)(S:DEL144) T22032C(S:F157S) C22033A(S:F157S) A22034G(S:R158G)	19.0	60.0	0.31666666666666665	21984.0	22042.0
G21941T(S:V127F) G21987A(S:G142D) (21990,3)(S:DEL144) T22032C(S:F157S) C22033A(S:F157S) A22034G(S:R158G)	19.0	28.0	0.6785714285714286	21928.0	22042.0
G21987A(S:G142D) (21990,3)(S:DEL144) (22030,1)(S:DEL157) T22032C(S:F157S) C22033A(S:F157S) (22034,'G')(S:INS159) A22034G(S:R158G)	11.0	60.0	0.18333333333333332	21984.0	22070.0
