Covariants	Count	Max_count	Freq	Coverage_start	Coverage_end
C21711T(S:S50L) (21764,6)(S:DEL69/70)	253	376	0.6728723404255319	21703	21790
C22295A(S:H245N)	246	270	0.9111111111111111	22293	22323
A23403G(S:D614G) C23423T(S:P621S)	206	276	0.7463768115942029	23353	23445
C25207T(S:Y1215Y)	173	179	0.9664804469273743	25175	25210
C21711T(S:S50L) (21764,6)(S:DEL69/70) T21823C(S:N87N)	106	171	0.6198830409356725	21703	21890
A24424T(S:Q954H) T24469A(S:N969K)	89	89	1.0	24416	24510
A23403G(S:D614G) C23423T(S:P621S) C23525T(S:H655Y)	58	67	0.8656716417910447	23353	23536
G24872T(S:V1104L)	42	99	0.42424242424242425	24854	24946
C24639T(S:A1026V)	34	171	0.19883040935672514	24599	24691
(22193,3)(S:DEL212) T22200G(S:V213G) C22208T(S:L216F)	29	51	0.5686274509803921	22186	22242
(25433,2)(ORF3a:DEL15) G25437C(ORF3a:L15L)	22	86	0.2558139534883721	25360	25452
C24990T(S:P1143L) C25000T(S:D1146D)	20	23	0.8695652173913043	24977	25048
(22193,3)(S:DEL212) T22200G(S:V213G) C22208T(S:L216F) C22295A(S:H245N)	20	21	0.9523809523809523	22164	22323
A22629C(S:K356T) C22674T(S:S371F) T22679C(S:S373P) C22686T(S:S375F) A22688G(S:T376A) G22770A(S:R403K) G22775A(S:D405N)	20	21	0.9523809523809523	22614	22785
G21987A(S:G142D) (21990,3)(S:DEL144) T22032C(S:F157S) C22033A(S:F157S) A22034G(S:R158G)	19	28	0.6785714285714286	21984	22070
C23854A(S:N764K)	19	24	0.7916666666666666	23715	23886
G23222A(S:E554K)	13	18	0.7222222222222222	23157	23251
