Covariants	Count	Max_count	Freq	Coverage_start	Coverage_end
C23271T(S:A570V) A23403G(S:D614G) C23423T(S:P621S)	78.0	81.0	0.9629629629629629	23258.0	23438.0
C21711T(S:S50L) (21764,6)(S:DEL69/70)	51.0	51.0	1.0	21703.0	21790.0
G23222A(S:E554K) A23231G(S:K557E)	32.0	33.0	0.9696969696969697	23157.0	23251.0
G21987A(S:G142D) (21990,3)(S:DEL144) T22032C(S:F157S) C22033A(S:F157S) A22034G(S:R158G)	23.0	41.0	0.5609756097560976	21984.0	22042.0
C22295A(S:H245N)	19.0	25.0	0.76	22279.0	22323.0
A23403G(S:D614G) C23423T(S:P621S)	18.0	107.0	0.16822429906542055	23389.0	23445.0
G21987A(S:G142D) (21990,3)(S:DEL144) (22030,1)(S:DEL157) T22032C(S:F157S) C22033A(S:F157S) A22034G(S:R158G) (22034,'G')(S:INS159)	16.0	41.0	0.3902439024390244	21984.0	22070.0
C25207T(S:Y1215Y)	16.0	17.0	0.9411764705882353	25141.0	25210.0
A24424T(S:Q954H) T24469A(S:N969K)	12.0	12.0	1.0	24416.0	24510.0
