Covariants	Count	Max_count	Freq	Coverage_start	Coverage_end
C23271T(S:A570V)	367	644	0.5698757763975155	23258	23313
C22295A(S:H245N)	292	350	0.8342857142857143	22279	22323
C23271T(S:A570V) A23403G(S:D614G) C23423T(S:P621S)	252	268	0.9402985074626866	23258	23445
C21711T(S:S50L) (21764,6)(S:DEL69/70)	234	278	0.841726618705036	21703	21790
A23403G(S:D614G) C23423T(S:P621S)	192	465	0.4129032258064516	23402	23445
T23599G(S:N679K) C23604G(S:P681R)	146	161	0.906832298136646	23566	23636
A24424T(S:Q954H) T24469A(S:N969K)	67	71	0.9436619718309859	24416	24504
G23222A(S:E554K)	59	62	0.9516129032258065	23202	23229
A22629C(S:K356T) C22674T(S:S371F) T22679C(S:S373P) C22686T(S:S375F) A22688G(S:T376A) G22770A(S:R403K) G22775A(S:D405N)	59	85	0.6941176470588235	22614	22785
(22193,3)(S:DEL212) T22200G(S:V213G) C22208T(S:L216F) C22295A(S:H245N)	43	43	1.0	22164	22302
(22193,3)(S:DEL212) T22200G(S:V213G) C22208T(S:L216F)	42	86	0.4883720930232558	22164	22242
C24990T(S:P1143L) C25000T(S:D1146D)	41	47	0.8723404255319149	24989	25040
C22353A(S:A264D)	39	42	0.9285714285714286	22332	22423
C23854A(S:N764K)	36	40	0.9	23756	23886
C21711T(S:S50L) T21737C(S:F59L) (21764,6)(S:DEL69/70)	31	278	0.11151079136690648	21703	21790
C25480T(ORF3a:R30C)	29	375	0.07733333333333334	25330	25492
C25207T(S:Y1215Y)	24	24	1.0	25141	25242
A22629C(S:K356T) C22674T(S:S371F) T22679C(S:S373P) C22686T(S:S375F) G22770A(S:R403K) G22775A(S:D405N)	22	85	0.25882352941176473	22614	22785
A22629C(S:K356T) C22674T(S:S371F) T22679C(S:S373P) C22686T(S:S375F) A22688G(S:T376A)	21	117	0.1794871794871795	22614	22701
T22882G(S:N440K) G22895C(S:V445H) T22896A(S:V445H) G22898A(S:G446S) A22910G(S:N450D) C22916T(S:L452W) T22917G(S:L452W) T22926C(S:L455S) T22928C(S:F456L) T22942A(S:N460K) G22992A(S:S477N) C22995A(S:T478K) T23005A(S:N481K) (23007,3)(S:DEL483) G23012A(S:E484K) T23018C(S:F486P) T23019C(S:F486P) A23055G(S:Q498R) A23063T(S:N501Y)	14	19	0.7368421052631579	22876	23070
G24872T(S:V1104L)	13	68	0.19117647058823528	24854	24946
G21987A(S:G142D) (21990,3)(S:DEL144) T22032C(S:F157S) C22033A(S:F157S) A22034G(S:R158G)	11	15	0.7333333333333333	21984	22070
