Covariants	Count	Max_count	Freq	Coverage_start	Coverage_end
C22295A(S:H245N)	143	152	0.9407894736842105	22289	22310
A24424T(S:Q954H) T24469A(S:N969K)	88	91	0.967032967032967	24416	24479
C21711T(S:S50L) (21764,6)(S:DEL69/70)	44	47	0.9361702127659575	21703	21790
G23222A(S:E554K)	26	27	0.9629629629629629	23199	23251
A22629C(S:K356T) C22674T(S:S371F) T22679C(S:S373P) C22686T(S:S375F) A22688G(S:T376A)	25	36	0.6944444444444444	22614	22701
G21987A(S:G142D) (21990,3)(S:DEL144) (22030,1)(S:DEL157) T22032C(S:F157S) C22033A(S:F157S) (22034,'G')(S:INS159) A22034G(S:R158G)	20	38	0.5263157894736842	21984	22070
A23403G(S:D614G) C23423T(S:P621S)	19	35	0.5428571428571428	23353	23445
G21987A(S:G142D) (21990,3)(S:DEL144) T22032C(S:F157S) C22033A(S:F157S) A22034G(S:R158G)	16	38	0.42105263157894735	21984	22070
A23403G(S:D614G) C23423T(S:P621S) C23525T(S:H655Y)	16	19	0.8421052631578947	23353	23536
