Covariants	Count	Max_count	Freq	Coverage_start	Coverage_end
C21711T(S:S50L) (21764,6)(S:DEL69/70)	353	378	0.9338624338624338	21703	21790
C25357A(S:L1265L)	137	276	0.4963768115942029	25330	25372
A24424T(S:Q954H) T24469A(S:N969K)	101	103	0.9805825242718447	24416	24510
G24933T(S:G1124V)	70	142	0.49295774647887325	24854	24946
G24872T(S:V1104L)	68	143	0.4755244755244755	24854	24888
G24872T(S:V1104L) C24990T(S:P1143L) C25000T(S:D1146D)	31	35	0.8857142857142857	24854	25048
C24990T(S:P1143L) C25000T(S:D1146D)	20	62	0.3225806451612903	24953	25048
T23629C(S:S689S) C23683T(S:Y707Y)	19	87	0.21839080459770116	23624	23723
(24684,2)(S:DEL1042)	18	122	0.14754098360655737	24678	24777
C24378T(S:S939F)	16	17	0.9411764705882353	24316	24383
G25297A(S:K1245K)	14	81	0.1728395061728395	25244	25331
A22629C(S:K356T) C22674T(S:S371F) T22679C(S:S373P) C22686T(S:S375F) A22688G(S:T376A) G22770A(S:R403K) G22775A(S:D405N)	14	14	1.0	22614	22785
C23271T(S:A570V) C23277T(S:T572I)	10	16	0.625	23258	23353
