Covariants	Count	Max_count	Freq	Coverage_start	Coverage_end
C22295A(S:H245N)	1680	1846	0.9100758396533044	22293	22297
C21711T(S:S50L) (21764,6)(S:DEL69/70)	994	1031	0.9641125121241513	21703	21782
G23222A(S:E554K)	324	1249	0.2594075260208166	23200	23251
A23403G(S:D614G) C23423T(S:P621S)	260	494	0.5263157894736842	23369	23445
A24424T(S:Q954H) T24469A(S:N969K)	226	239	0.9456066945606695	24416	24494
A22629C(S:K356T) C22674T(S:S371F) T22679C(S:S373P) C22686T(S:S375F) A22688G(S:T376A)	217	351	0.6182336182336182	22614	22698
C23271T(S:A570V) C23277T(S:T572I)	175	302	0.5794701986754967	23258	23353
G21987A(S:G142D) (21990,3)(S:DEL144) (22030,1)(S:DEL157) T22032C(S:F157S) C22033A(S:F157S) A22034G(S:R158G) (22034,'G')(S:INS159)	146	283	0.5159010600706714	21984	22070
G21987A(S:G142D) (21990,3)(S:DEL144) T22032C(S:F157S) C22033A(S:F157S) A22034G(S:R158G)	122	283	0.43109540636042404	21984	22049
A23403G(S:D614G) C23423T(S:P621S) C23525T(S:H655Y)	112	130	0.8615384615384616	23353	23536
C23525T(S:H655Y)	108	324	0.3333333333333333	23469	23536
C23271T(S:A570V) C23277T(S:T572I) A23403G(S:D614G) C23423T(S:P621S)	101	108	0.9351851851851852	23258	23445
A22629C(S:K356T) C22674T(S:S371F) T22679C(S:S373P) C22686T(S:S375F) A22688G(S:T376A) G22770A(S:R403K) G22775A(S:D405N)	84	92	0.9130434782608695	22614	22785
T23455C(S:P631P) C23525T(S:H655Y)	76	318	0.2389937106918239	23448	23536
(22193,3)(S:DEL212) T22200G(S:V213G) C22208T(S:L216F) C22295A(S:H245N)	59	61	0.9672131147540983	22164	22323
T22882G(S:N440K) G22895C(S:V445H) T22896A(S:V445H) G22898A(S:G446S) A22910G(S:N450D) C22916T(S:L452W) T22917G(S:L452W) T22926C(S:L455S) T22942A(S:N460K) G22992A(S:S477N) C22995A(S:T478K) T23005A(S:N481K) (23007,3)(S:DEL483) G23012A(S:E484K) T23018C(S:F486P) T23019C(S:F486P) A23055G(S:Q498R) A23063T(S:N501Y)	55	72	0.7638888888888888	22876	23070
C22295A(S:H245N) A22320T(S:D253V)	49	1842	0.026601520086862108	22240	22323
A22629C(S:K356T) C22674T(S:S371F) T22679C(S:S373P) C22686T(S:S375F) A22688G(S:T376A) A22695G(S:K378R)	36	351	0.10256410256410256	22614	22701
C22353A(S:A264D)	35	57	0.6140350877192983	22332	22423
C22295A(S:H245N) C22353A(S:A264D)	20	23	0.8695652173913043	22232	22423
(22193,3)(S:DEL212) T22200G(S:V213G) C22208T(S:L216F)	19	80	0.2375	22164	22242
C24990T(S:P1143L) C25000T(S:D1146D)	18	19	0.9473684210526315	24953	25048
C23854A(S:N764K)	17	18	0.9444444444444444	23715	23886
