Covariants	Count	Max_count	Freq	Coverage_start	Coverage_end
A24424T(S:Q954H) T24469A(S:N969K)	212	215	0.986046511627907	24416	24510
C22295A(S:H245N)	201	227	0.8854625550660793	22279	22323
C24990T(S:P1143L) C25000T(S:D1146D)	122	155	0.7870967741935484	24953	25019
A23403G(S:D614G) C23423T(S:P621S)	96	197	0.4873096446700508	23353	23445
(22193,3)(S:DEL212) T22200G(S:V213G) C22208T(S:L216F)	95	113	0.8407079646017699	22164	22242
C21711T(S:S50L) (21764,6)(S:DEL69/70)	71	71	1.0	21703	21790
A23403G(S:D614G) C23423T(S:P621S) C23525T(S:H655Y)	57	100	0.57	23391	23536
A22629C(S:K356T) C22674T(S:S371F) T22679C(S:S373P) C22686T(S:S375F) A22688G(S:T376A)	44	66	0.6666666666666666	22614	22701
A23403G(S:D614G) C23423T(S:P621S) (23486,'T')(S:INS643) C23525T(S:H655Y)	42	100	0.42	23353	23536
C24990T(S:P1143L) C25000T(S:D1146D) G25012T(S:E1150D)	27	155	0.17419354838709677	24953	25048
C23854A(S:N764K)	25	27	0.9259259259259259	23715	23886
G24821T(S:A1087S)	23	184	0.125	24765	24851
G21987A(S:G142D) (21990,3)(S:DEL144) T22032C(S:F157S) C22033A(S:F157S) A22034G(S:R158G)	19	31	0.6129032258064516	21984	22070
C24378T(S:S939F)	19	20	0.95	24316	24408
G23222A(S:E554K)	19	19	1.0	23202	23251
A22629C(S:K356T) C22674T(S:S371F) T22679C(S:S373P) C22686T(S:S375F) A22688G(S:T376A) G22770A(S:R403K) G22775A(S:D405N)	17	18	0.9444444444444444	22614	22785
(22193,3)(S:DEL212) T22200G(S:V213G) C22208T(S:L216F) C22295A(S:H245N)	14	15	0.9333333333333333	22164	22323
G21987A(S:G142D) (21990,3)(S:DEL144) (22030,1)(S:DEL157) T22032C(S:F157S) C22033A(S:F157S) A22034G(S:R158G) (22034,'G')(S:INS159)	10	31	0.3225806451612903	21984	22070
