Covariants	Count	Max_count	Freq	Coverage_start	Coverage_end
C23271T(S:A570V)	198	317	0.6246056782334385	23258	23353
C21711T(S:S50L) (21764,6)(S:DEL69/70)	153	197	0.7766497461928934	21703	21790
C22295A(S:H245N)	122	172	0.7093023255813954	22279	22298
A23403G(S:D614G) C23423T(S:P621S)	115	261	0.44061302681992337	23389	23445
C23271T(S:A570V) A23403G(S:D614G) C23423T(S:P621S)	95	106	0.8962264150943396	23258	23440
A24424T(S:Q954H) T24469A(S:N969K)	80	83	0.963855421686747	24416	24510
A22629C(S:K356T) C22674T(S:S371F) T22679C(S:S373P) C22686T(S:S375F) A22688G(S:T376A) G22770A(S:R403K) G22775A(S:D405N)	69	74	0.9324324324324325	22614	22785
G23222A(S:E554K)	51	56	0.9107142857142857	23157	23251
C24990T(S:P1143L) C25000T(S:D1146D)	44	63	0.6984126984126984	24953	25015
A23403G(S:D614G) C23423T(S:P621S) C23525T(S:H655Y)	39	52	0.75	23353	23536
(22193,3)(S:DEL212) T22200G(S:V213G) C22208T(S:L216F) C22295A(S:H245N)	38	43	0.8837209302325582	22164	22323
G21987A(S:G142D) (21990,3)(S:DEL144) (22030,1)(S:DEL157) T22032C(S:F157S) C22033A(S:F157S) A22034G(S:R158G) (22034,'G')(S:INS159)	36	76	0.47368421052631576	21984	22070
G21987A(S:G142D) (21990,3)(S:DEL144) T22032C(S:F157S) C22033A(S:F157S) A22034G(S:R158G)	29	76	0.3815789473684211	21984	22070
G24872T(S:V1104L)	23	39	0.5897435897435898	24854	24946
C21711T(S:S50L) (21764,6)(S:DEL69/70) (21888,1)(S:DEL110)	22	96	0.22916666666666666	21703	21890
C23854A(S:N764K)	20	21	0.9523809523809523	23715	23886
G24872T(S:V1104L) C24990T(S:P1143L) C25000T(S:D1146D)	15	23	0.6521739130434783	24854	25048
C25207T(S:Y1215Y)	15	16	0.9375	25141	25242
(22193,3)(S:DEL212) T22200G(S:V213G) C22208T(S:L216F)	14	57	0.24561403508771928	22164	22222
C21711T(S:S50L) (21764,6)(S:DEL69/70) A21862G(S:I100M)	12	96	0.125	21703	21890
A25383T(S:*1274L)	12	96	0.125	25330	25416
C22353A(S:A264D)	12	15	0.8	22332	22423
A23403G(S:D614G) C23423T(S:P621S) C23525T(S:H655Y) T23599G(S:N679K) C23604G(S:P681R)	11	12	0.9166666666666666	23389	23636
