Covariants	Count	Max_count	Freq	Coverage_start	Coverage_end
A23403G(S:D614G) C23423T(S:P621S) C23525T(S:H655Y)	140	166	0.8433734939759037	23353	23536
C22295A(S:H245N)	61	67	0.9104477611940298	22232	22323
A23403G(S:D614G) C23423T(S:P621S)	36	208	0.17307692307692307	23353	23445
A22629C(S:K356T) C22674T(S:S371F) T22679C(S:S373P) C22686T(S:S375F) A22688G(S:T376A)	28	28	1.0	22614	22701
G21987A(S:G142D) (21990,3)(S:DEL144) (22030,1)(S:DEL157) T22032C(S:F157S) C22033A(S:F157S) (22034,'G')(S:INS159) A22034G(S:R158G)	27	51	0.5294117647058824	21984	22070
A24424T(S:Q954H) T24469A(S:N969K)	24	26	0.9230769230769231	24416	24510
G21987A(S:G142D) (21990,3)(S:DEL144) T22032C(S:F157S) C22033A(S:F157S) A22034G(S:R158G)	21	51	0.4117647058823529	21984	22070
C23271T(S:A570V) C23277T(S:T572I) A23403G(S:D614G) C23423T(S:P621S)	14	18	0.7777777777777778	23258	23445
G23222A(S:E554K) C23271T(S:A570V) C23277T(S:T572I)	11	17	0.6470588235294118	23157	23353
