Covariants	Count	Max_count	Freq	Coverage_start	Coverage_end
C22295A(S:H245N)	699	762	0.9173228346456693	22293	22299
C22674T(S:S371F) T22679C(S:S373P) C22686T(S:S375F) A22688G(S:T376A) G22775A(S:D405N)	401	593	0.6762225969645869	22670	22785
C23271T(S:A570V) C23277T(S:T572I)	159	173	0.9190751445086706	23258	23353
A22629C(S:K356T) C22674T(S:S371F) T22679C(S:S373P) C22686T(S:S375F) A22688G(S:T376A) G22770A(S:R403K) G22775A(S:D405N)	132	577	0.22876949740034663	22614	22785
T22882G(S:N440K) G22895C(S:V445R) T22896G(S:V445R) G22898A(S:G446S) A22910G(S:N450D) C22916T(S:L452W) T22917G(S:L452W) T22926C(S:L455S) T22942A(S:N460K) G22992A(S:S477N) C22995A(S:T478K) T23005A(S:N481K) (23007,3)(S:DEL483) G23012A(S:E484K) T23018C(S:F486P) T23019C(S:F486P) A23055G(S:Q498R) A23063T(S:N501Y)	117	181	0.6464088397790055	22876	23070
C22674T(S:S371F) T22679C(S:S373P) C22686T(S:S375F) A22688G(S:T376A)	112	793	0.14123581336696092	22659	22701
C21711T(S:S50L) (21764,6)(S:DEL69/70)	96	99	0.9696969696969697	21703	21790
A22629C(S:K356T) C22674T(S:S371F) T22679C(S:S373P) C22686T(S:S375F) A22688G(S:T376A)	74	775	0.09548387096774194	22614	22701
C24990T(S:P1143L) C25000T(S:D1146D)	59	62	0.9516129032258065	24953	25006
(22193,3)(S:DEL212) T22200G(S:V213G) C22208T(S:L216F)	38	59	0.6440677966101694	22164	22242
G22992A(S:S477N) C22995A(S:T478K) T23005A(S:N481K) (23007,3)(S:DEL483) G23012A(S:E484K) T23018C(S:F486P) T23019C(S:F486P) A23055G(S:Q498R) A23063T(S:N501Y)	32	191	0.16753926701570682	22991	23070
T22882G(S:N440K) G22895C(S:V445R) T22896G(S:V445R) G22898A(S:G446S) A22910G(S:N450D) C22916T(S:L452W) T22917G(S:L452W) T22926C(S:L455S) G22992A(S:S477N) C22995A(S:T478K) T23005A(S:N481K) (23007,3)(S:DEL483) G23012A(S:E484K) T23018C(S:F486P) T23019C(S:F486P) A23055G(S:Q498R) A23063T(S:N501Y)	22	181	0.12154696132596685	22876	23070
A24325G(S:K921K) C24378T(S:S939F)	17	17	1.0	24316	24408
(22193,3)(S:DEL212) T22200G(S:V213G) C22208T(S:L216F) C22295A(S:H245N)	16	19	0.8421052631578947	22164	22323
G22775A(S:D405N)	13	615	0.02113821138211382	22752	22785
G23948T(S:D796Y)	13	13	1.0	23880	23974
