Covariants	Count	Max_count	Freq	Coverage_start	Coverage_end
C25207T(S:Y1215Y) (25218,1)(S:DEL1220)	309	381	0.8110236220472441	25141	25242
A22629C(S:K356T) C22674T(S:S371F) T22679C(S:S373P) C22686T(S:S375F) A22688G(S:T376A) G22770A(S:R403K) G22775A(S:D405N)	302	549	0.5500910746812386	22614	22785
A22629C(S:K356T) G22770A(S:R403K) G22775A(S:D405N)	74	549	0.13479052823315119	22614	22785
A22629C(S:K356T) C22674T(S:S371F) T22679C(S:S373P) C22686T(S:S375F) A22688G(S:T376A)	52	633	0.08214849921011058	22614	22698
C21711T(S:S50L) (21764,6)(S:DEL69/70)	51	83	0.6144578313253012	21703	21774
C22674T(S:S371F) T22679C(S:S373P) C22686T(S:S375F) A22688G(S:T376A) G22770A(S:R403K) G22775A(S:D405N)	50	615	0.08130081300813008	22670	22785
A22629C(S:K356T) T22667C(S:Y369H) C22674T(S:S371F) T22679C(S:S373P) C22686T(S:S375F) A22688G(S:T376A) G22770A(S:R403K) G22775A(S:D405N)	45	549	0.08196721311475409	22614	22785
C25207T(S:Y1215Y)	33	383	0.08616187989556136	25204	25210
G25323A(S:C1254Y)	28	133	0.21052631578947367	25244	25331
A22629C(S:K356T)	26	651	0.039938556067588324	22614	22645
C21711T(S:S50L) (21764,6)(S:DEL69/70) A21803G(S:N81D)	19	47	0.40425531914893614	21703	21890
A24424T(S:Q954H) T24469A(S:N969K)	19	19	1.0	24416	24510
A24696G(S:K1045R)	17	52	0.3269230769230769	24599	24777
G22770A(S:R403K) G22775A(S:D405N)	16	637	0.02511773940345369	22743	22785
A22629C(S:K356T) T22679C(S:S373P) C22686T(S:S375F) A22688G(S:T376A) G22770A(S:R403K) G22775A(S:D405N)	15	549	0.0273224043715847	22614	22785
A24424T(S:Q954H) T24469A(S:N969K) T24571C(S:S1003S)	13	18	0.7222222222222222	24416	24596
C25207T(S:Y1215Y) G25323A(S:C1254Y)	12	53	0.22641509433962265	25141	25331
G21987A(S:G142D) (21990,3)(S:DEL144) T22032C(S:F157S) C22033A(S:F157S) A22034G(S:R158G)	12	23	0.5217391304347826	21984	22070
A22629C(S:K356T) C22674T(S:S371F) C22686T(S:S375F) A22688G(S:T376A) G22770A(S:R403K) G22775A(S:D405N)	10	549	0.018214936247723135	22614	22785
T25406G(ORF3a:M5R)	10	178	0.056179775280898875	25367	25492
A22629C(S:K356T) C22674T(S:S371F) T22679C(S:S373P) C22686T(S:S375F) G22770A(S:R403K) G22775A(S:D405N)	10	549	0.018214936247723135	22614	22785
A23403G(S:D614G) C23423T(S:P621S) C23525T(S:H655Y)	10	21	0.47619047619047616	23353	23536
