Covariants	Count	Max_count	Freq	Coverage_start	Coverage_end
C23271T(S:A570V)	48	65	0.7384615384615385	23258	23320
A23403G(S:D614G) C23423T(S:P621S)	42	80	0.525	23353	23445
G21987A(S:G142D) (21990,3)(S:DEL144) (22030,1)(S:DEL157) T22032C(S:F157S) C22033A(S:F157S) (22034,'G')(S:INS159) A22034G(S:R158G)	22	40	0.55	21984	22070
C24990T(S:P1143L) C25000T(S:D1146D)	21	21	1.0	24953	25048
A23403G(S:D614G) C23423T(S:P621S) C23525T(S:H655Y)	19	25	0.76	23389	23536
G21987A(S:G142D) (21990,3)(S:DEL144) T22032C(S:F157S) C22033A(S:F157S) A22034G(S:R158G)	18	40	0.45	21984	22042
C23271T(S:A570V) A23403G(S:D614G) C23423T(S:P621S)	15	15	1.0	23258	23445
C22295A(S:H245N)	11	17	0.6470588235294118	22232	22323
