Covariants	Count	Max_count	Freq	Coverage_start	Coverage_end
A22629C(S:K356T) C22674T(S:S371F) T22679C(S:S373P) C22686T(S:S375F) A22688G(S:T376A) G22770A(S:R403K) G22775A(S:D405N)	85.0	104.0	0.8173076923076923	22614.0	22785.0
G23222A(S:E554K)	67.0	67.0	1.0	23157.0	23251.0
C23271T(S:A570V)	55.0	60.0	0.9166666666666666	23258.0	23353.0
G24794T(S:A1078S)	53.0	63.0	0.8412698412698413	24765.0	24851.0
A23403G(S:D614G) C23423T(S:P621S)	50.0	72.0	0.6944444444444444	23382.0	23445.0
A24424T(S:Q954H) T24469A(S:N969K)	33.0	35.0	0.9428571428571428	24416.0	24510.0
A25359G(S:K1266R)	26.0	299.0	0.08695652173913043	25330.0	25415.0
A22629C(S:K356T) C22674T(S:S371F) T22679C(S:S373P) C22686T(S:S375F) A22688G(S:T376A)	21.0	126.0	0.16666666666666666	22614.0	22701.0
T22882G(S:N440K) G22895C(S:V445H) T22896A(S:V445H) G22898A(S:G446S) A22910G(S:N450D) C22916T(S:L452W) T22917G(S:L452W) T22926C(S:L455S) T22942A(S:N460K) G22992A(S:S477N) C22995A(S:T478K) T23005A(S:N481K) (23007,3)(S:DEL483) G23012A(S:E484K) T23018C(S:F486P) T23019C(S:F486P) A23055G(S:Q498R) A23063T(S:N501Y)	21.0	28.0	0.75	22876.0	23070.0
C24990T(S:P1143L) C25000T(S:D1146D)	21.0	23.0	0.9130434782608695	24953.0	25048.0
A23403G(S:D614G) C23423T(S:P621S) C23525T(S:H655Y)	15.0	20.0	0.75	23353.0	23536.0
C25207T(S:Y1215Y)	13.0	13.0	1.0	25141.0	25242.0
