Covariants	Count	Max_count	Freq	Coverage_start	Coverage_end
C23271T(S:A570V)	1424	2387	0.5965647255969837	23258	23306
C23271T(S:A570V) A23403G(S:D614G) C23423T(S:P621S)	860	913	0.9419496166484118	23258	23440
C21711T(S:S50L) (21764,6)(S:DEL69/70)	460	863	0.5330243337195828	21703	21790
A24424T(S:Q954H) T24469A(S:N969K)	436	451	0.9667405764966741	24416	24507
G23222A(S:E554K)	369	387	0.9534883720930233	23205	23223
G24872T(S:V1104L)	350	376	0.9308510638297872	24854	24892
C21711T(S:S50L) T21737C(S:F59L) (21764,6)(S:DEL69/70)	345	863	0.39976825028968715	21703	21790
C22295A(S:H245N)	244	257	0.9494163424124513	22286	22302
A23403G(S:D614G) C23423T(S:P621S)	234	1361	0.1719324026451139	23399	23434
G21850T(S:E96D)	105	342	0.30701754385964913	21822	21852
A23403G(S:D614G) C23423T(S:P621S) G23438T(S:A626S)	102	1359	0.07505518763796909	23401	23445
A22629C(S:K356T) C22674T(S:S371F) T22679C(S:S373P) C22686T(S:S375F) A22688G(S:T376A) G22770A(S:R403K) G22775A(S:D405N)	87	92	0.9456521739130435	22614	22785
C22353A(S:A264D)	86	91	0.945054945054945	22332	22423
A23403G(S:D614G) C23423T(S:P621S) C23525T(S:H655Y)	82	115	0.7130434782608696	23353	23536
C24990T(S:P1143L) C25000T(S:D1146D)	70	103	0.6796116504854369	24977	25048
C23854A(S:N764K)	66	75	0.88	23763	23886
G21987A(S:G142D) (21990,3)(S:DEL144) (22030,1)(S:DEL157) T22032C(S:F157S) C22033A(S:F157S) (22034,'G')(S:INS159) A22034G(S:R158G)	52	109	0.47706422018348627	21984	22070
T25288C(S:S1242S)	49	620	0.07903225806451612	25244	25294
G21987A(S:G142D) (21990,3)(S:DEL144) T22032C(S:F157S) C22033A(S:F157S) A22034G(S:R158G)	35	109	0.3211009174311927	21984	22070
C21711T(S:S50L) (21764,6)(S:DEL69/70) G21850T(S:E96D)	33	231	0.14285714285714285	21703	21852
A23403G(S:D614G) C23423T(S:P621S) C23525T(S:H655Y) T23599G(S:N679K) C23604G(S:P681R)	25	27	0.9259259259259259	23353	23636
G24145A(S:L861L)	21	49	0.42857142857142855	24139	24179
C25207T(S:Y1215Y)	18	18	1.0	25141	25242
G24872T(S:V1104L) C24990T(S:P1143L) C25000T(S:D1146D) (25044,1)(S:DEL1162)	17	31	0.5483870967741935	24854	25048
(22193,3)(S:DEL212) T22200G(S:V213G) C22208T(S:L216F)	15	27	0.5555555555555556	22164	22242
C24378T(S:S939F)	14	14	1.0	24344	24408
A22629C(S:K356T) C22674T(S:S371F) T22679C(S:S373P) C22686T(S:S375F) A22688G(S:T376A)	12	116	0.10344827586206896	22614	22697
A22629C(S:K356T) C22674T(S:S371F) T22679C(S:S373P) C22686T(S:S375F) A22688G(S:T376A) (22689,1)(S:DEL377)	11	116	0.09482758620689655	22614	22701
