Covariants	Count	Max_count	Freq	Coverage_start	Coverage_end
C23271T(S:A570V)	24.0	25.0	0.96	23258.0	23353.0
G24872T(S:V1104L)	21.0	26.0	0.8076923076923077	24854.0	24946.0
C24990T(S:P1143L) C25000T(S:D1146D)	20.0	30.0	0.6666666666666666	24953.0	25048.0
C22295A(S:H245N)	14.0	14.0	1.0	22232.0	22323.0
A23403G(S:D614G) C23423T(S:P621S) C23525T(S:H655Y)	10.0	11.0	0.9090909090909091	23389.0	23536.0
