Covariants	Count	Max_count	Freq	Coverage_start	Coverage_end
C23271T(S:A570V) (23383,42)(S:DEL608/621)	155	159	0.9748427672955975	23258	23445
C23271T(S:A570V)	154	320	0.48125	23258	23290
A23403G(S:D614G) C23423T(S:P621S)	122	325	0.37538461538461537	23389	23440
G23222A(S:E554K)	84	86	0.9767441860465116	23157	23229
C22295A(S:H245N)	77	83	0.927710843373494	22286	22302
(22193,3)(S:DEL212) T22200G(S:V213G) C22208T(S:L216F)	61	68	0.8970588235294118	22164	22242
A24424T(S:Q954H) T24469A(S:N969K)	41	48	0.8541666666666666	24416	24509
G21987A(S:G142D) (21990,3)(S:DEL144) (22030,1)(S:DEL157) T22032C(S:F157S) C22033A(S:F157S) (22034,'G')(S:INS159) A22034G(S:R158G)	24	48	0.5	21984	22070
G22627A(S:R355R) A22629C(S:K356T) C22674T(S:S371F) T22679C(S:S373P) C22686T(S:S375F) A22688G(S:T376A) G22770A(S:R403K) G22775A(S:D405N)	23	33	0.696969696969697	22614	22785
G21987A(S:G142D) (21990,3)(S:DEL144) T22032C(S:F157S) C22033A(S:F157S) A22034G(S:R158G)	22	48	0.4583333333333333	21984	22042
G22627A(S:R355R) A22629C(S:K356T) C22674T(S:S371F) T22679C(S:S373P) C22686T(S:S375F) A22688G(S:T376A)	20	57	0.3508771929824561	22614	22701
T25485C(ORF3a:A31A)	19	21	0.9047619047619048	25368	25492
(23383,42)(S:DEL608/621)	18	315	0.05714285714285714	23346	23445
A23403G(S:D614G) C23423T(S:P621S) C23525T(S:H655Y)	12	12	1.0	23389	23536
C22353A(S:A264D)	12	12	1.0	22352	22396
C21711T(S:S50L) (21764,6)(S:DEL69/70)	12	12	1.0	21703	21790
