Covariants	Count	Max_count	Freq	Coverage_start	Coverage_end
C22295A(S:H245N)	138	159	0.8679245283018868	22232	22323
C23271T(S:A570V)	116	129	0.8992248062015504	23258	23353
A22629C(S:K356T) C22674T(S:S371F) T22679C(S:S373P) C22686T(S:S375F) A22688G(S:T376A) G22770A(S:R403K) G22775A(S:D405N)	93	99	0.9393939393939394	22614	22785
T22882G(S:N440K) G22895C(S:V445H) T22896A(S:V445H) G22898A(S:G446S) A22910G(S:N450D) C22916T(S:L452W) T22917G(S:L452W) T22926C(S:L455S) T22928C(S:F456L) T22942A(S:N460K) G22992A(S:S477N) C22995A(S:T478K) T23005A(S:N481K) (23007,3)(S:DEL483) G23012A(S:E484K) T23018C(S:F486P) T23019C(S:F486P) A23055G(S:Q498R) A23063T(S:N501Y)	56	90	0.6222222222222222	22876	23070
G24872T(S:V1104L)	55	81	0.6790123456790124	24854	24946
A23403G(S:D614G) C23423T(S:P621S)	53	100	0.53	23353	23445
G23222A(S:E554K)	52	57	0.9122807017543859	23202	23251
C21711T(S:S50L) T21735A(S:F58Y) (21764,6)(S:DEL69/70)	51	139	0.3669064748201439	21703	21790
C21711T(S:S50L) (21764,6)(S:DEL69/70)	48	139	0.34532374100719426	21703	21790
A24424T(S:Q954H) T24469A(S:N969K)	39	39	1.0	24416	24510
C21711T(S:S50L) T21738C(S:F59S) T21756A(S:F65Y) (21764,6)(S:DEL69/70)	38	139	0.2733812949640288	21703	21790
A23403G(S:D614G) C23423T(S:P621S) C23525T(S:H655Y)	33	44	0.75	23353	23536
A22629C(S:K356T) C22674T(S:S371F) T22679C(S:S373P) C22686T(S:S375F) A22688G(S:T376A)	30	130	0.23076923076923078	22614	22701
T22882G(S:N440K) G22895C(S:V445H) T22896A(S:V445H) G22898A(S:G446S) A22910G(S:N450D) C22916T(S:L452W) T22917G(S:L452W) T22926C(S:L455S) T22928C(S:F456L) T22942A(S:N460K) G22992A(S:S477N) C22995A(S:T478K) T23005A(S:N481K) (23007,3)(S:DEL483) G23012A(S:E484K) T23018C(S:F486P) T23019C(S:F486P) C23039G(S:Q493E) A23055G(S:Q498R) A23063T(S:N501Y)	28	90	0.3111111111111111	22876	23070
G24872T(S:V1104L) C24990T(S:P1143L) C25000T(S:D1146D)	21	22	0.9545454545454546	24854	25048
(22193,3)(S:DEL212) T22200G(S:V213G) C22208T(S:L216F)	17	22	0.7727272727272727	22164	22242
G21987A(S:G142D) (21990,3)(S:DEL144) T22032C(S:F157S) C22033A(S:F157S) A22034G(S:R158G)	16	31	0.5161290322580645	21984	22070
C23854A(S:N764K)	15	15	1.0	23715	23886
C25207T(S:Y1215Y)	13	13	1.0	25141	25242
C24990T(S:P1143L) C25000T(S:D1146D)	12	36	0.3333333333333333	24953	25018
C22295A(S:H245N) C22353A(S:A264D)	12	12	1.0	22232	22423
