Covariants	Count	Max_count	Freq	Coverage_start	Coverage_end
C21711T(S:S50L) (21764,6)(S:DEL69/70)	1142	1830	0.6240437158469946	21703	21790
A23403G(S:D614G) C23423T(S:P621S)	947	1271	0.7450826121164438	23402	23437
C21711T(S:S50L) T21737C(S:F59L) (21764,6)(S:DEL69/70)	660	1830	0.36065573770491804	21703	21790
A22629C(S:K356T) C22674T(S:S371F) T22679C(S:S373P) C22686T(S:S375F) A22688G(S:T376A) G22770A(S:R403K) G22775A(S:D405N)	507	534	0.949438202247191	22614	22785
C22295A(S:H245N)	492	797	0.617314930991217	22279	22302
A23403G(S:D614G) C23423T(S:P621S) C23525T(S:H655Y)	283	303	0.933993399339934	23399	23536
C23271T(S:A570V)	240	355	0.676056338028169	23258	23353
G23222A(S:E554K)	234	348	0.6724137931034483	23157	23229
C24990T(S:P1143L) C25000T(S:D1146D)	162	198	0.8181818181818182	24953	25048
(22193,3)(S:DEL212) T22200G(S:V213G) C22208T(S:L216F) C22295A(S:H245N)	149	151	0.9867549668874173	22164	22302
C22295A(S:H245N) C22353A(S:A264D)	139	143	0.972027972027972	22232	22423
A24424T(S:Q954H) T24469A(S:N969K)	132	137	0.9635036496350365	24416	24510
C22353A(S:A264D)	94	241	0.3900414937759336	22352	22423
G23222A(S:E554K) C23271T(S:A570V)	88	110	0.8	23202	23320
A22629C(S:K356T) C22674T(S:S371F) T22679C(S:S373P) C22686T(S:S375F) A22688G(S:T376A)	63	608	0.10361842105263158	22614	22701
G24872T(S:V1104L)	56	166	0.3373493975903614	24854	24946
C23854A(S:N764K)	55	57	0.9649122807017544	23763	23886
(22193,3)(S:DEL212) T22200G(S:V213G) C22208T(S:L216F)	53	204	0.25980392156862747	22164	22242
G21987A(S:G142D) (21990,3)(S:DEL144) C22000A(S:H146Q) T22032C(S:F157S) C22033A(S:F157S) A22034G(S:R158G)	45	105	0.42857142857142855	21984	22042
G21987A(S:G142D) (21990,3)(S:DEL144) C22000A(S:H146Q) (22030,1)(S:DEL157) T22032C(S:F157S) C22033A(S:F157S) (22034,'G')(S:INS159) A22034G(S:R158G)	41	105	0.3904761904761905	21984	22070
G25483A(ORF3a:A31T)	37	1471	0.02515295717199184	25330	25492
G24872T(S:V1104L) C24990T(S:P1143L) C25000T(S:D1146D)	30	41	0.7317073170731707	24854	25048
G21987A(S:G142D) (21990,3)(S:DEL144) T22032C(S:F157S) C22033A(S:F157S) A22034G(S:R158G)	14	104	0.1346153846153846	21984	22070
G23222A(S:E554K) C23271T(S:A570V) A23403G(S:D614G) C23423T(S:P621S)	12	13	0.9230769230769231	23157	23445
A22492G(S:K310K)	11	41	0.2682926829268293	22432	22511
G25364A(S:V1268I)	10	2140	0.004672897196261682	25330	25492
