Covariants	Count	Max_count	Freq	Coverage_start	Coverage_end
C23271T(S:A570V) A23403G(S:D614G) C23423T(S:P621S)	1377	1463	0.9412166780587833	23258	23445
C21711T(S:S50L) (21764,6)(S:DEL69/70)	636	661	0.962178517397882	21703	21790
C22295A(S:H245N)	373	436	0.8555045871559633	22291	22297
C23271T(S:A570V)	148	1622	0.09124537607891492	23269	23293
A23403G(S:D614G) C23423T(S:P621S)	132	1619	0.08153180975911056	23401	23445
A22629C(S:K356T) C22674T(S:S371F) T22679C(S:S373P) C22686T(S:S375F) A22688G(S:T376A) G22770A(S:R403K) G22775A(S:D405N)	127	136	0.9338235294117647	22614	22785
A22629C(S:K356T) C22674T(S:S371F) T22679C(S:S373P) C22686T(S:S375F) A22688G(S:T376A)	106	247	0.4291497975708502	22614	22700
G21987A(S:G142D) (21990,3)(S:DEL144) (22030,1)(S:DEL157) T22032C(S:F157S) C22033A(S:F157S) A22034G(S:R158G) (22034,'G')(S:INS159)	75	143	0.5244755244755245	21984	22070
G21987A(S:G142D) (21990,3)(S:DEL144) T22032C(S:F157S) C22033A(S:F157S) A22034G(S:R158G)	61	143	0.42657342657342656	21984	22034
C23525T(S:H655Y)	55	79	0.6962025316455697	23436	23536
(22193,3)(S:DEL212) T22200G(S:V213G) C22208T(S:L216F) C22295A(S:H245N)	51	56	0.9107142857142857	22164	22323
G23222A(S:E554K)	50	56	0.8928571428571429	23157	23251
A24424T(S:Q954H) T24469A(S:N969K)	49	52	0.9423076923076923	24416	24510
T22882G(S:N440K) G22895C(S:V445H) T22896A(S:V445H) G22898A(S:G446S) A22910G(S:N450D) C22916T(S:L452W) T22917G(S:L452W) T22926C(S:L455S) T22942A(S:N460K) G22992A(S:S477N) C22995A(S:T478K) T23005A(S:N481K) (23007,3)(S:DEL483) G23012A(S:E484K) T23018C(S:F486P) T23019C(S:F486P) A23055G(S:Q498R) A23063T(S:N501Y)	43	71	0.6056338028169014	22876	23070
C23271T(S:A570V) A23403G(S:D614G)	24	1463	0.016404647983595352	23258	23445
C23271T(S:A570V) C23423T(S:P621S)	18	1463	0.012303485987696514	23258	23445
A23403G(S:D614G) C23423T(S:P621S) C23525T(S:H655Y)	18	23	0.782608695652174	23353	23536
C24990T(S:P1143L) C25000T(S:D1146D)	18	18	1.0	24953	25048
(22193,3)(S:DEL212) T22200G(S:V213G) C22208T(S:L216F)	17	81	0.20987654320987653	22164	22242
T22882G(S:N440K) G22895C(S:V445H) T22896A(S:V445H) G22898A(S:G446S) A22910G(S:N450D) C22916T(S:L452W) T22917G(S:L452W) T22926C(S:L455S) G22992A(S:S477N) C22995A(S:T478K) T23005A(S:N481K) (23007,3)(S:DEL483) G23012A(S:E484K) T23018C(S:F486P) T23019C(S:F486P) A23055G(S:Q498R) A23063T(S:N501Y)	17	71	0.23943661971830985	22876	23070
C24378T(S:S939F)	11	11	1.0	24316	24408
