Covariants	Count	Max_count	Freq	Coverage_start	Coverage_end
A22629C(S:K356T) C22674T(S:S371F) T22679C(S:S373P) C22686T(S:S375F) A22688G(S:T376A) G22770A(S:R403K) G22775A(S:D405N)	78	82	0.9512195121951219	22614	22785
C22295A(S:H245N)	69	96	0.71875	22282	22323
C21711T(S:S50L) (21764,6)(S:DEL69/70)	67	70	0.9571428571428572	21703	21790
T22882G(S:N440K) G22895C(S:V445H) T22896A(S:V445H) G22898A(S:G446S) A22910G(S:N450D) C22916T(S:L452W) T22917G(S:L452W) T22926C(S:L455S) T22928C(S:F456L) T22942A(S:N460K) G22992A(S:S477N) C22995A(S:T478K) T23005A(S:N481K) (23007,3)(S:DEL483) G23012A(S:E484K) T23018C(S:F486P) T23019C(S:F486P) A23055G(S:Q498R) A23063T(S:N501Y)	62	62	1.0	22876	23070
A24424T(S:Q954H) T24469A(S:N969K)	62	65	0.9538461538461539	24416	24510
A23403G(S:D614G) C23423T(S:P621S)	61	121	0.5041322314049587	23402	23445
C23271T(S:A570V)	40	81	0.49382716049382713	23258	23320
G24872T(S:V1104L)	38	57	0.6666666666666666	24854	24898
C23271T(S:A570V) A23403G(S:D614G) C23423T(S:P621S)	27	31	0.8709677419354839	23258	23445
A23403G(S:D614G) C23423T(S:P621S) C23525T(S:H655Y)	26	34	0.7647058823529411	23353	23536
C22353A(S:A264D)	20	36	0.5555555555555556	22352	22375
A22629C(S:K356T) C22674T(S:S371F) T22679C(S:S373P) C22686T(S:S375F) A22688G(S:T376A)	19	103	0.18446601941747573	22614	22701
C24990T(S:P1143L) C25000T(S:D1146D)	17	29	0.5862068965517241	24953	25048
G23222A(S:E554K)	17	29	0.5862068965517241	23157	23251
C22295A(S:H245N) C22353A(S:A264D)	15	15	1.0	22284	22423
(22193,3)(S:DEL212) T22200G(S:V213G) C22208T(S:L216F) C22295A(S:H245N)	11	11	1.0	22164	22323
C23854A(S:N764K)	10	10	1.0	23715	23886
