Covariants	Count	Max_count	Freq	Coverage_start	Coverage_end
C22295A(S:H245N)	589	628	0.9378980891719745	22286	22323
A24424T(S:Q954H) T24469A(S:N969K)	336	353	0.9518413597733711	24416	24510
C21711T(S:S50L) (21764,6)(S:DEL69/70)	198	199	0.9949748743718593	21703	21790
G21987A(S:G142D) (21990,3)(S:DEL144) (22030,1)(S:DEL157) T22032C(S:F157S) C22033A(S:F157S) A22034G(S:R158G) (22034,'G')(S:INS159)	108	200	0.54	21984	22070
A22629C(S:K356T) C22674T(S:S371F) T22679C(S:S373P) C22686T(S:S375F) A22688G(S:T376A)	105	166	0.6325301204819277	22614	22701
G23222A(S:E554K)	102	104	0.9807692307692307	23184	23229
G21987A(S:G142D) (21990,3)(S:DEL144) T22032C(S:F157S) C22033A(S:F157S) A22034G(S:R158G)	88	200	0.44	21984	22049
A23403G(S:D614G) C23423T(S:P621S) C23525T(S:H655Y)	83	89	0.9325842696629213	23389	23536
A22629C(S:K356T) C22674T(S:S371F) T22679C(S:S373P) C22686T(S:S375F) A22688G(S:T376A) G22770A(S:R403K) G22775A(S:D405N)	50	57	0.8771929824561403	22614	22785
A23403G(S:D614G) C23423T(S:P621S)	49	140	0.35	23391	23445
(22193,3)(S:DEL212) T22200G(S:V213G) C22208T(S:L216F) C22295A(S:H245N)	28	29	0.9655172413793104	22164	22323
(22193,3)(S:DEL212) T22200G(S:V213G) C22208T(S:L216F)	17	46	0.3695652173913043	22164	22242
C24990T(S:P1143L) C25000T(S:D1146D)	17	17	1.0	24953	25011
C23423T(S:P621S) C23525T(S:H655Y)	11	88	0.125	23411	23536
