Covariants	Count	Max_count	Freq	Coverage_start	Coverage_end
C21711T(S:S50L) (21764,6)(S:DEL69/70)	121	123	0.983739837398374	21703	21790
C23271T(S:A570V) C23277T(S:T572I) A23403G(S:D614G) C23423T(S:P621S)	100	105	0.9523809523809523	23258	23445
C22295A(S:H245N)	43	70	0.6142857142857143	22232	22323
A22629C(S:K356T) C22674T(S:S371F) T22679C(S:S373P) C22686T(S:S375F) A22688G(S:T376A) G22770A(S:R403K) G22775A(S:D405N)	39	41	0.9512195121951219	22614	22785
A23403G(S:D614G) C23423T(S:P621S) C23525T(S:H655Y)	38	57	0.6666666666666666	23353	23536
A23403G(S:D614G) C23423T(S:P621S)	32	175	0.18285714285714286	23389	23445
A22629C(S:K356T) C22674T(S:S371F) T22679C(S:S373P) C22686T(S:S375F) A22688G(S:T376A)	27	68	0.39705882352941174	22614	22701
A24424T(S:Q954H) T24469A(S:N969K)	27	29	0.9310344827586207	24416	24510
C23271T(S:A570V) C23277T(S:T572I)	20	131	0.15267175572519084	23258	23353
A23403G(S:D614G) C23423T(S:P621S) C23525T(S:H655Y) T23599G(S:N679K) C23604G(S:P681R)	19	19	1.0	23353	23636
(22193,3)(S:DEL212) T22200G(S:V213G) C22208T(S:L216F) C22295A(S:H245N)	12	12	1.0	22164	22323
G21987A(S:G142D) (21990,3)(S:DEL144) (22030,1)(S:DEL157) T22032C(S:F157S) C22033A(S:F157S) (22034,'G')(S:INS159) A22034G(S:R158G)	11	23	0.4782608695652174	21984	22070
C22295A(S:H245N) C22353A(S:A264D)	11	11	1.0	22232	22423
C25207T(S:Y1215Y)	11	11	1.0	25141	25242
G21987A(S:G142D) (21990,3)(S:DEL144) T22032C(S:F157S) C22033A(S:F157S) A22034G(S:R158G)	10	23	0.43478260869565216	21984	22070
